# MagicaVoxel @ Ephtracy

# group
o 

# material
mtllib Wing_Obstacle-1.mtl
usemtl palette

# normals
vn -1 0 0
vn 1 0 0
vn 0 0 1
vn 0 0 -1
vn 0 -1 0
vn 0 1 0

# texcoords
vt 0.970703 0.5
vt 0.974609 0.5
vt 0.978516 0.5
vt 0.982422 0.5
vt 0.986328 0.5

# verts
v -2.5 15.8 0.2
v -2.5 15.8 -0.2
v -2.5 16.9 0.2
v -2.5 16.9 -0.2
v -2.4 15.2 0.2
v -2.4 15.2 -0.2
v -2.4 15.8 0.2
v -2.4 15.8 -0.2
v -2.4 16.9 0.2
v -2.4 16.9 -0.2
v -2.4 17.1 0.2
v -2.4 17.1 -0.2
v -2.3 14.4 0.2
v -2.3 14.4 -0.2
v -2.3 15.2 0.2
v -2.3 15.2 -0.2
v -2.3 17.1 0.2
v -2.3 17.1 -0.2
v -2.3 17.2 0.2
v -2.3 17.2 -0.2
v -2.2 13.8 0.2
v -2.2 13.8 -0.2
v -2.2 14.4 0.2
v -2.2 14.4 -0.2
v -2.2 17.2 0.2
v -2.2 17.2 -0.2
v -2.2 17.3 0.2
v -2.2 17.3 -0.2
v -2.1 13.2 0.2
v -2.1 13.2 -0.2
v -2.1 13.8 0.2
v -2.1 13.8 -0.2
v -2.1 17.3 0.2
v -2.1 17.3 -0.2
v -2.1 17.4 0.2
v -2.1 17.4 -0.2
v -2 12.5 0.2
v -2 12.5 -0.2
v -2 13.2 0.2
v -2 13.2 -0.2
v -1.9 11.8 0.2
v -1.9 11.8 -0.2
v -1.9 12.5 0.2
v -1.9 12.5 -0.2
v -1.9 17.4 0.2
v -1.9 17.4 -0.2
v -1.9 17.5 0.2
v -1.9 17.5 -0.2
v -1.8 11.1 0.2
v -1.8 11.1 -0.2
v -1.8 11.8 0.2
v -1.8 11.8 -0.2
v -1.7 10.5 0.2
v -1.7 10.5 -0.2
v -1.7 11.1 0.2
v -1.7 11.1 -0.2
v -1.7 17.5 0.2
v -1.7 17.5 -0.2
v -1.7 17.6 0.2
v -1.7 17.6 -0.2
v -1.6 9.8 0.2
v -1.6 9.8 -0.2
v -1.6 10.5 0.2
v -1.6 10.5 -0.2
v -1.5 9.2 0.2
v -1.5 9.2 -0.2
v -1.5 9.8 0.2
v -1.5 9.8 -0.2
v -1.4 8.5 0.2
v -1.4 8.5 -0.2
v -1.4 9.2 0.2
v -1.4 9.2 -0.2
v -1.4 17.6 0.2
v -1.4 17.6 -0.2
v -1.4 17.7 0.2
v -1.4 17.7 -0.2
v -1.3 6.1 0.2
v -1.3 6.1 -0.2
v -1.3 6.2 0.3
v -1.3 6.2 0.2
v -1.3 6.2 -0.2
v -1.3 6.2 -0.3
v -1.3 6.3 0.4
v -1.3 6.3 0.3
v -1.3 6.3 -0.3
v -1.3 6.3 -0.4
v -1.3 6.6 0.4
v -1.3 6.6 0.3
v -1.3 6.6 -0.3
v -1.3 6.6 -0.4
v -1.3 6.7 0.3
v -1.3 6.7 0.2
v -1.3 6.7 -0.2
v -1.3 6.7 -0.3
v -1.3 6.8 0.2
v -1.3 6.8 -0.2
v -1.3 7.8 0.2
v -1.3 7.8 -0.2
v -1.3 8.5 0.2
v -1.3 8.5 -0.2
v -1.2 6.1 0.3
v -1.2 6.1 0.2
v -1.2 6.1 -0.2
v -1.2 6.1 -0.3
v -1.2 6.2 0.4
v -1.2 6.2 0.3
v -1.2 6.2 0.2
v -1.2 6.2 -0.2
v -1.2 6.2 -0.3
v -1.2 6.2 -0.4
v -1.2 6.3 0.4
v -1.2 6.3 0.3
v -1.2 6.3 -0.3
v -1.2 6.3 -0.4
v -1.2 6.6 0.4
v -1.2 6.6 0.3
v -1.2 6.6 -0.3
v -1.2 6.6 -0.4
v -1.2 6.7 0.4
v -1.2 6.7 0.3
v -1.2 6.7 0.2
v -1.2 6.7 -0.2
v -1.2 6.7 -0.3
v -1.2 6.7 -0.4
v -1.2 6.8 0.3
v -1.2 6.8 0.2
v -1.2 6.8 -0.2
v -1.2 6.8 -0.3
v -1.2 7.2 0.2
v -1.2 7.2 -0.2
v -1.2 7.8 0.2
v -1.2 7.8 -0.2
v -1.1 6.1 0.4
v -1.1 6.1 0.3
v -1.1 6.1 -0.3
v -1.1 6.1 -0.4
v -1.1 6.2 0.4
v -1.1 6.2 0.3
v -1.1 6.2 -0.3
v -1.1 6.2 -0.4
v -1.1 6.4 0.5
v -1.1 6.4 0.4
v -1.1 6.4 -0.4
v -1.1 6.4 -0.5
v -1.1 6.5 0.5
v -1.1 6.5 0.4
v -1.1 6.5 -0.4
v -1.1 6.5 -0.5
v -1.1 6.7 0.4
v -1.1 6.7 0.3
v -1.1 6.7 -0.3
v -1.1 6.7 -0.4
v -1.1 6.8 0.4
v -1.1 6.8 0.3
v -1.1 6.8 0.2
v -1.1 6.8 -0.2
v -1.1 6.8 -0.3
v -1.1 6.8 -0.4
v -1.1 7.2 0.2
v -1.1 7.2 -0.2
v -1 6.3 0.5
v -1 6.3 0.4
v -1 6.3 -0.4
v -1 6.3 -0.5
v -1 6.4 0.5
v -1 6.4 0.4
v -1 6.4 -0.4
v -1 6.4 -0.5
v -1 6.5 0.5
v -1 6.5 0.4
v -1 6.5 -0.4
v -1 6.5 -0.5
v -1 6.6 0.5
v -1 6.6 0.4
v -1 6.6 -0.4
v -1 6.6 -0.5
v -0.9 5.5 0.3
v -0.9 5.5 0.2
v -0.9 5.5 -0.2
v -0.9 5.5 -0.3
v -0.9 6.1 0.3
v -0.9 6.1 0.2
v -0.9 6.1 -0.2
v -0.9 6.1 -0.3
v -0.9 6.8 0.3
v -0.9 6.8 0.2
v -0.9 6.8 -0.2
v -0.9 6.8 -0.3
v -0.9 7.1 0.3
v -0.9 7.1 0.2
v -0.9 7.1 -0.2
v -0.9 7.1 -0.3
v -0.9 17.7 0.2
v -0.9 17.7 -0.2
v -0.9 17.8 0.2
v -0.9 17.8 -0.2
v -0.8 4.4 0.3
v -0.8 4.4 0.2
v -0.8 4.4 -0.2
v -0.8 4.4 -0.3
v -0.8 5.5 0.3
v -0.8 5.5 0.2
v -0.8 5.5 -0.2
v -0.8 5.5 -0.3
v -0.8 7.1 0.3
v -0.8 7.1 0.2
v -0.8 7.1 -0.2
v -0.8 7.1 -0.3
v -0.8 7.6 0.3
v -0.8 7.6 0.2
v -0.8 7.6 -0.2
v -0.8 7.6 -0.3
v -0.7 3.8 0.3
v -0.7 3.8 -0.3
v -0.7 3.9 0.2
v -0.7 3.9 -0.2
v -0.7 4.4 0.3
v -0.7 4.4 0.2
v -0.7 4.4 -0.2
v -0.7 4.4 -0.3
v -0.7 7.6 0.3
v -0.7 7.6 0.2
v -0.7 7.6 -0.2
v -0.7 7.6 -0.3
v -0.7 8.1 0.3
v -0.7 8.1 0.2
v -0.7 8.1 -0.2
v -0.7 8.1 -0.3
v -0.6 6.8 0.4
v -0.6 6.8 0.3
v -0.6 6.8 -0.3
v -0.6 6.8 -0.4
v -0.6 7.2 0.4
v -0.6 7.2 0.3
v -0.6 7.2 -0.3
v -0.6 7.2 -0.4
v -0.6 8.1 0.3
v -0.6 8.1 0.2
v -0.6 8.1 -0.2
v -0.6 8.1 -0.3
v -0.6 8.6 0.3
v -0.6 8.6 0.2
v -0.6 8.6 -0.2
v -0.6 8.6 -0.3
v -0.5 3.9 0.2
v -0.5 3.9 -0.2
v -0.5 4 0.2
v -0.5 4 -0.2
v -0.5 5.1 0.4
v -0.5 5.1 0.3
v -0.5 5.1 -0.3
v -0.5 5.1 -0.4
v -0.5 5.3 0.4
v -0.5 5.3 0.3
v -0.5 5.3 -0.3
v -0.5 5.3 -0.4
v -0.5 7.2 0.4
v -0.5 7.2 0.3
v -0.5 7.2 -0.3
v -0.5 7.2 -0.4
v -0.5 7.8 0.4
v -0.5 7.8 0.3
v -0.5 7.8 -0.3
v -0.5 7.8 -0.4
v -0.5 8.6 0.3
v -0.5 8.6 0.2
v -0.5 8.6 -0.2
v -0.5 8.6 -0.3
v -0.5 9 0.3
v -0.5 9 0.2
v -0.5 9 -0.2
v -0.5 9 -0.3
v -0.4 5 0.4
v -0.4 5 0.3
v -0.4 5 -0.3
v -0.4 5 -0.4
v -0.4 5.1 0.5
v -0.4 5.1 0.4
v -0.4 5.1 0.3
v -0.4 5.1 -0.3
v -0.4 5.1 -0.4
v -0.4 5.1 -0.5
v -0.4 5.3 0.5
v -0.4 5.3 0.4
v -0.4 5.3 0.3
v -0.4 5.3 -0.3
v -0.4 5.3 -0.4
v -0.4 5.3 -0.5
v -0.4 5.4 0.4
v -0.4 5.4 0.3
v -0.4 5.4 -0.3
v -0.4 5.4 -0.4
v -0.4 7.8 0.4
v -0.4 7.8 0.3
v -0.4 7.8 -0.3
v -0.4 7.8 -0.4
v -0.4 8.3 0.4
v -0.4 8.3 0.3
v -0.4 8.3 -0.3
v -0.4 8.3 -0.4
v -0.4 9 0.3
v -0.4 9 0.2
v -0.4 9 -0.2
v -0.4 9 -0.3
v -0.4 9.5 0.3
v -0.4 9.5 0.2
v -0.4 9.5 -0.2
v -0.4 9.5 -0.3
v -0.3 4 0.2
v -0.3 4 -0.2
v -0.3 4.1 0.2
v -0.3 4.1 -0.2
v -0.3 4.9 0.4
v -0.3 4.9 0.3
v -0.3 4.9 -0.3
v -0.3 4.9 -0.4
v -0.3 5 0.5
v -0.3 5 0.4
v -0.3 5 0.3
v -0.3 5 -0.3
v -0.3 5 -0.4
v -0.3 5 -0.5
v -0.3 5.1 0.5
v -0.3 5.1 0.4
v -0.3 5.1 -0.4
v -0.3 5.1 -0.5
v -0.3 5.3 0.5
v -0.3 5.3 0.4
v -0.3 5.3 -0.4
v -0.3 5.3 -0.5
v -0.3 5.4 0.5
v -0.3 5.4 0.4
v -0.3 5.4 0.3
v -0.3 5.4 -0.3
v -0.3 5.4 -0.4
v -0.3 5.4 -0.5
v -0.3 5.5 0.4
v -0.3 5.5 0.3
v -0.3 5.5 -0.3
v -0.3 5.5 -0.4
v -0.3 6.4 0.5
v -0.3 6.4 0.4
v -0.3 6.4 -0.4
v -0.3 6.4 -0.5
v -0.3 6.5 0.5
v -0.3 6.5 0.4
v -0.3 6.5 -0.4
v -0.3 6.5 -0.5
v -0.3 8.3 0.4
v -0.3 8.3 0.3
v -0.3 8.3 -0.3
v -0.3 8.3 -0.4
v -0.3 8.8 0.4
v -0.3 8.8 0.3
v -0.3 8.8 -0.3
v -0.3 8.8 -0.4
v -0.3 9.5 0.3
v -0.3 9.5 0.2
v -0.3 9.5 -0.2
v -0.3 9.5 -0.3
v -0.3 9.9 0.3
v -0.3 9.9 0.2
v -0.3 9.9 -0.2
v -0.3 9.9 -0.3
v -0.2 4.8 0.4
v -0.2 4.8 0.3
v -0.2 4.8 -0.3
v -0.2 4.8 -0.4
v -0.2 4.9 0.5
v -0.2 4.9 0.4
v -0.2 4.9 0.3
v -0.2 4.9 -0.3
v -0.2 4.9 -0.4
v -0.2 4.9 -0.5
v -0.2 5 0.5
v -0.2 5 0.4
v -0.2 5 -0.4
v -0.2 5 -0.5
v -0.2 5.4 0.5
v -0.2 5.4 0.4
v -0.2 5.4 -0.4
v -0.2 5.4 -0.5
v -0.2 5.5 0.5
v -0.2 5.5 0.4
v -0.2 5.5 0.3
v -0.2 5.5 -0.3
v -0.2 5.5 -0.4
v -0.2 5.5 -0.5
v -0.2 5.6 0.4
v -0.2 5.6 0.3
v -0.2 5.6 -0.3
v -0.2 5.6 -0.4
v -0.2 6.3 0.5
v -0.2 6.3 0.4
v -0.2 6.3 -0.4
v -0.2 6.3 -0.5
v -0.2 6.4 0.5
v -0.2 6.4 0.4
v -0.2 6.4 -0.4
v -0.2 6.4 -0.5
v -0.2 6.5 0.5
v -0.2 6.5 0.4
v -0.2 6.5 -0.4
v -0.2 6.5 -0.5
v -0.2 6.6 0.5
v -0.2 6.6 0.4
v -0.2 6.6 -0.4
v -0.2 6.6 -0.5
v -0.2 8.8 0.4
v -0.2 8.8 0.3
v -0.2 8.8 -0.3
v -0.2 8.8 -0.4
v -0.2 9.3 0.4
v -0.2 9.3 0.3
v -0.2 9.3 -0.3
v -0.2 9.3 -0.4
v -0.2 9.9 0.3
v -0.2 9.9 0.2
v -0.2 9.9 -0.2
v -0.2 9.9 -0.3
v -0.2 10.1 0.3
v -0.2 10.1 0.2
v -0.2 10.1 -0.2
v -0.2 10.1 -0.3
v -0.0999999 4.7 0.4
v -0.0999999 4.7 0.3
v -0.0999999 4.7 -0.3
v -0.0999999 4.7 -0.4
v -0.0999999 4.8 0.5
v -0.0999999 4.8 0.4
v -0.0999999 4.8 0.3
v -0.0999999 4.8 -0.3
v -0.0999999 4.8 -0.4
v -0.0999999 4.8 -0.5
v -0.0999999 4.9 0.5
v -0.0999999 4.9 0.4
v -0.0999999 4.9 -0.4
v -0.0999999 4.9 -0.5
v -0.0999999 5.5 0.5
v -0.0999999 5.5 0.4
v -0.0999999 5.5 -0.4
v -0.0999999 5.5 -0.5
v -0.0999999 5.6 0.5
v -0.0999999 5.6 0.4
v -0.0999999 5.6 0.3
v -0.0999999 5.6 -0.3
v -0.0999999 5.6 -0.4
v -0.0999999 5.6 -0.5
v -0.0999999 5.7 0.4
v -0.0999999 5.7 0.3
v -0.0999999 5.7 -0.3
v -0.0999999 5.7 -0.4
v -0.0999999 6.2 0.5
v -0.0999999 6.2 0.4
v -0.0999999 6.2 -0.4
v -0.0999999 6.2 -0.5
v -0.0999999 6.3 0.5
v -0.0999999 6.3 0.4
v -0.0999999 6.3 -0.4
v -0.0999999 6.3 -0.5
v -0.0999999 6.6 0.5
v -0.0999999 6.6 0.4
v -0.0999999 6.6 -0.4
v -0.0999999 6.6 -0.5
v -0.0999999 6.7 0.5
v -0.0999999 6.7 0.4
v -0.0999999 6.7 -0.4
v -0.0999999 6.7 -0.5
v -0.0999999 9.3 0.4
v -0.0999999 9.3 0.3
v -0.0999999 9.3 -0.3
v -0.0999999 9.3 -0.4
v -0.0999999 9.9 0.4
v -0.0999999 9.9 0.3
v -0.0999999 9.9 -0.3
v -0.0999999 9.9 -0.4
v -0.0999999 10.1 0.3
v -0.0999999 10.1 0.2
v -0.0999999 10.1 -0.2
v -0.0999999 10.1 -0.3
v -0.0999999 10.2 0.3
v -0.0999999 10.2 0.2
v -0.0999999 10.2 -0.2
v -0.0999999 10.2 -0.3
v 0.3 3.9 0.3
v 0.3 3.9 -0.3
v 0.3 4 0.3
v 0.3 4 -0.3
v 0.5 3.8 0.3
v 0.5 3.8 -0.3
v 0.5 3.9 0.3
v 0.5 3.9 -0.3
v 0.7 6.4 0.5
v 0.7 6.4 0.4
v 0.7 6.4 -0.4
v 0.7 6.4 -0.5
v 0.7 6.5 0.5
v 0.7 6.5 0.4
v 0.7 6.5 -0.4
v 0.7 6.5 -0.5
v 0.8 6.3 0.5
v 0.8 6.3 0.4
v 0.8 6.3 -0.4
v 0.8 6.3 -0.5
v 0.8 6.4 0.5
v 0.8 6.4 0.4
v 0.8 6.4 -0.4
v 0.8 6.4 -0.5
v 0.8 6.5 0.5
v 0.8 6.5 0.4
v 0.8 6.5 -0.4
v 0.8 6.5 -0.5
v 0.8 6.6 0.5
v 0.8 6.6 0.4
v 0.8 6.6 -0.4
v 0.8 6.6 -0.5
v -0.8 6.3 0.5
v -0.8 6.3 0.4
v -0.8 6.3 -0.4
v -0.8 6.3 -0.5
v -0.8 6.4 0.5
v -0.8 6.4 0.4
v -0.8 6.4 -0.4
v -0.8 6.4 -0.5
v -0.8 6.5 0.5
v -0.8 6.5 0.4
v -0.8 6.5 -0.4
v -0.8 6.5 -0.5
v -0.8 6.6 0.5
v -0.8 6.6 0.4
v -0.8 6.6 -0.4
v -0.8 6.6 -0.5
v -0.7 6.4 0.5
v -0.7 6.4 0.4
v -0.7 6.4 -0.4
v -0.7 6.4 -0.5
v -0.7 6.5 0.5
v -0.7 6.5 0.4
v -0.7 6.5 -0.4
v -0.7 6.5 -0.5
v -0.5 3.8 0.3
v -0.5 3.8 -0.3
v -0.5 3.9 0.3
v -0.5 3.9 -0.3
v -0.3 3.9 0.3
v -0.3 3.9 -0.3
v -0.3 4 0.3
v -0.3 4 -0.3
v 0.1 4.7 0.4
v 0.1 4.7 0.3
v 0.1 4.7 -0.3
v 0.1 4.7 -0.4
v 0.1 4.8 0.5
v 0.1 4.8 0.4
v 0.1 4.8 0.3
v 0.1 4.8 -0.3
v 0.1 4.8 -0.4
v 0.1 4.8 -0.5
v 0.1 4.9 0.5
v 0.1 4.9 0.4
v 0.1 4.9 -0.4
v 0.1 4.9 -0.5
v 0.1 5.5 0.5
v 0.1 5.5 0.4
v 0.1 5.5 -0.4
v 0.1 5.5 -0.5
v 0.1 5.6 0.5
v 0.1 5.6 0.4
v 0.1 5.6 0.3
v 0.1 5.6 -0.3
v 0.1 5.6 -0.4
v 0.1 5.6 -0.5
v 0.1 5.7 0.4
v 0.1 5.7 0.3
v 0.1 5.7 -0.3
v 0.1 5.7 -0.4
v 0.1 6.2 0.5
v 0.1 6.2 0.4
v 0.1 6.2 -0.4
v 0.1 6.2 -0.5
v 0.1 6.3 0.5
v 0.1 6.3 0.4
v 0.1 6.3 -0.4
v 0.1 6.3 -0.5
v 0.1 6.6 0.5
v 0.1 6.6 0.4
v 0.1 6.6 -0.4
v 0.1 6.6 -0.5
v 0.1 6.7 0.5
v 0.1 6.7 0.4
v 0.1 6.7 -0.4
v 0.1 6.7 -0.5
v 0.1 9.3 0.4
v 0.1 9.3 0.3
v 0.1 9.3 -0.3
v 0.1 9.3 -0.4
v 0.1 9.9 0.4
v 0.1 9.9 0.3
v 0.1 9.9 -0.3
v 0.1 9.9 -0.4
v 0.1 10.1 0.3
v 0.1 10.1 0.2
v 0.1 10.1 -0.2
v 0.1 10.1 -0.3
v 0.1 10.2 0.3
v 0.1 10.2 0.2
v 0.1 10.2 -0.2
v 0.1 10.2 -0.3
v 0.2 4.8 0.4
v 0.2 4.8 0.3
v 0.2 4.8 -0.3
v 0.2 4.8 -0.4
v 0.2 4.9 0.5
v 0.2 4.9 0.4
v 0.2 4.9 0.3
v 0.2 4.9 -0.3
v 0.2 4.9 -0.4
v 0.2 4.9 -0.5
v 0.2 5 0.5
v 0.2 5 0.4
v 0.2 5 -0.4
v 0.2 5 -0.5
v 0.2 5.4 0.5
v 0.2 5.4 0.4
v 0.2 5.4 -0.4
v 0.2 5.4 -0.5
v 0.2 5.5 0.5
v 0.2 5.5 0.4
v 0.2 5.5 0.3
v 0.2 5.5 -0.3
v 0.2 5.5 -0.4
v 0.2 5.5 -0.5
v 0.2 5.6 0.4
v 0.2 5.6 0.3
v 0.2 5.6 -0.3
v 0.2 5.6 -0.4
v 0.2 6.3 0.5
v 0.2 6.3 0.4
v 0.2 6.3 -0.4
v 0.2 6.3 -0.5
v 0.2 6.4 0.5
v 0.2 6.4 0.4
v 0.2 6.4 -0.4
v 0.2 6.4 -0.5
v 0.2 6.5 0.5
v 0.2 6.5 0.4
v 0.2 6.5 -0.4
v 0.2 6.5 -0.5
v 0.2 6.6 0.5
v 0.2 6.6 0.4
v 0.2 6.6 -0.4
v 0.2 6.6 -0.5
v 0.2 8.8 0.4
v 0.2 8.8 0.3
v 0.2 8.8 -0.3
v 0.2 8.8 -0.4
v 0.2 9.3 0.4
v 0.2 9.3 0.3
v 0.2 9.3 -0.3
v 0.2 9.3 -0.4
v 0.2 9.9 0.3
v 0.2 9.9 0.2
v 0.2 9.9 -0.2
v 0.2 9.9 -0.3
v 0.2 10.1 0.3
v 0.2 10.1 0.2
v 0.2 10.1 -0.2
v 0.2 10.1 -0.3
v 0.3 4 0.2
v 0.3 4 -0.2
v 0.3 4.1 0.2
v 0.3 4.1 -0.2
v 0.3 4.9 0.4
v 0.3 4.9 0.3
v 0.3 4.9 -0.3
v 0.3 4.9 -0.4
v 0.3 5 0.5
v 0.3 5 0.4
v 0.3 5 0.3
v 0.3 5 -0.3
v 0.3 5 -0.4
v 0.3 5 -0.5
v 0.3 5.1 0.5
v 0.3 5.1 0.4
v 0.3 5.1 -0.4
v 0.3 5.1 -0.5
v 0.3 5.3 0.5
v 0.3 5.3 0.4
v 0.3 5.3 -0.4
v 0.3 5.3 -0.5
v 0.3 5.4 0.5
v 0.3 5.4 0.4
v 0.3 5.4 0.3
v 0.3 5.4 -0.3
v 0.3 5.4 -0.4
v 0.3 5.4 -0.5
v 0.3 5.5 0.4
v 0.3 5.5 0.3
v 0.3 5.5 -0.3
v 0.3 5.5 -0.4
v 0.3 6.4 0.5
v 0.3 6.4 0.4
v 0.3 6.4 -0.4
v 0.3 6.4 -0.5
v 0.3 6.5 0.5
v 0.3 6.5 0.4
v 0.3 6.5 -0.4
v 0.3 6.5 -0.5
v 0.3 8.3 0.4
v 0.3 8.3 0.3
v 0.3 8.3 -0.3
v 0.3 8.3 -0.4
v 0.3 8.8 0.4
v 0.3 8.8 0.3
v 0.3 8.8 -0.3
v 0.3 8.8 -0.4
v 0.3 9.5 0.3
v 0.3 9.5 0.2
v 0.3 9.5 -0.2
v 0.3 9.5 -0.3
v 0.3 9.9 0.3
v 0.3 9.9 0.2
v 0.3 9.9 -0.2
v 0.3 9.9 -0.3
v 0.4 5 0.4
v 0.4 5 0.3
v 0.4 5 -0.3
v 0.4 5 -0.4
v 0.4 5.1 0.5
v 0.4 5.1 0.4
v 0.4 5.1 0.3
v 0.4 5.1 -0.3
v 0.4 5.1 -0.4
v 0.4 5.1 -0.5
v 0.4 5.3 0.5
v 0.4 5.3 0.4
v 0.4 5.3 0.3
v 0.4 5.3 -0.3
v 0.4 5.3 -0.4
v 0.4 5.3 -0.5
v 0.4 5.4 0.4
v 0.4 5.4 0.3
v 0.4 5.4 -0.3
v 0.4 5.4 -0.4
v 0.4 7.7 0.4
v 0.4 7.7 0.3
v 0.4 7.7 -0.3
v 0.4 7.7 -0.4
v 0.4 8.3 0.4
v 0.4 8.3 0.3
v 0.4 8.3 -0.3
v 0.4 8.3 -0.4
v 0.4 9 0.3
v 0.4 9 0.2
v 0.4 9 -0.2
v 0.4 9 -0.3
v 0.4 9.5 0.3
v 0.4 9.5 0.2
v 0.4 9.5 -0.2
v 0.4 9.5 -0.3
v 0.5 3.9 0.2
v 0.5 3.9 -0.2
v 0.5 4 0.2
v 0.5 4 -0.2
v 0.5 5.1 0.4
v 0.5 5.1 0.3
v 0.5 5.1 -0.3
v 0.5 5.1 -0.4
v 0.5 5.3 0.4
v 0.5 5.3 0.3
v 0.5 5.3 -0.3
v 0.5 5.3 -0.4
v 0.5 7.2 0.4
v 0.5 7.2 0.3
v 0.5 7.2 -0.3
v 0.5 7.2 -0.4
v 0.5 7.7 0.4
v 0.5 7.7 0.3
v 0.5 7.7 -0.3
v 0.5 7.7 -0.4
v 0.5 8.6 0.3
v 0.5 8.6 0.2
v 0.5 8.6 -0.2
v 0.5 8.6 -0.3
v 0.5 9 0.3
v 0.5 9 0.2
v 0.5 9 -0.2
v 0.5 9 -0.3
v 0.6 6.8 0.4
v 0.6 6.8 0.3
v 0.6 6.8 -0.3
v 0.6 6.8 -0.4
v 0.6 7.2 0.4
v 0.6 7.2 0.3
v 0.6 7.2 -0.3
v 0.6 7.2 -0.4
v 0.6 8.1 0.3
v 0.6 8.1 0.2
v 0.6 8.1 -0.2
v 0.6 8.1 -0.3
v 0.6 8.6 0.3
v 0.6 8.6 0.2
v 0.6 8.6 -0.2
v 0.6 8.6 -0.3
v 0.7 3.8 0.3
v 0.7 3.8 -0.3
v 0.7 3.9 0.2
v 0.7 3.9 -0.2
v 0.7 4.4 0.3
v 0.7 4.4 0.2
v 0.7 4.4 -0.2
v 0.7 4.4 -0.3
v 0.7 7.6 0.3
v 0.7 7.6 0.2
v 0.7 7.6 -0.2
v 0.7 7.6 -0.3
v 0.7 8.1 0.3
v 0.7 8.1 0.2
v 0.7 8.1 -0.2
v 0.7 8.1 -0.3
v 0.8 4.4 0.3
v 0.8 4.4 0.2
v 0.8 4.4 -0.2
v 0.8 4.4 -0.3
v 0.8 5.5 0.3
v 0.8 5.5 0.2
v 0.8 5.5 -0.2
v 0.8 5.5 -0.3
v 0.8 7.1 0.3
v 0.8 7.1 0.2
v 0.8 7.1 -0.2
v 0.8 7.1 -0.3
v 0.8 7.6 0.3
v 0.8 7.6 0.2
v 0.8 7.6 -0.2
v 0.8 7.6 -0.3
v 0.9 5.5 0.3
v 0.9 5.5 0.2
v 0.9 5.5 -0.2
v 0.9 5.5 -0.3
v 0.9 6.1 0.3
v 0.9 6.1 0.2
v 0.9 6.1 -0.2
v 0.9 6.1 -0.3
v 0.9 6.8 0.3
v 0.9 6.8 0.2
v 0.9 6.8 -0.2
v 0.9 6.8 -0.3
v 0.9 7.1 0.3
v 0.9 7.1 0.2
v 0.9 7.1 -0.2
v 0.9 7.1 -0.3
v 0.9 17.7 0.2
v 0.9 17.7 -0.2
v 0.9 17.8 0.2
v 0.9 17.8 -0.2
v 1 6.3 0.5
v 1 6.3 0.4
v 1 6.3 -0.4
v 1 6.3 -0.5
v 1 6.4 0.5
v 1 6.4 0.4
v 1 6.4 -0.4
v 1 6.4 -0.5
v 1 6.5 0.5
v 1 6.5 0.4
v 1 6.5 -0.4
v 1 6.5 -0.5
v 1 6.6 0.5
v 1 6.6 0.4
v 1 6.6 -0.4
v 1 6.6 -0.5
v 1.1 6.1 0.4
v 1.1 6.1 0.3
v 1.1 6.1 -0.3
v 1.1 6.1 -0.4
v 1.1 6.2 0.4
v 1.1 6.2 0.3
v 1.1 6.2 -0.3
v 1.1 6.2 -0.4
v 1.1 6.4 0.5
v 1.1 6.4 0.4
v 1.1 6.4 -0.4
v 1.1 6.4 -0.5
v 1.1 6.5 0.5
v 1.1 6.5 0.4
v 1.1 6.5 -0.4
v 1.1 6.5 -0.5
v 1.1 6.7 0.4
v 1.1 6.7 0.3
v 1.1 6.7 -0.3
v 1.1 6.7 -0.4
v 1.1 6.8 0.4
v 1.1 6.8 0.3
v 1.1 6.8 0.2
v 1.1 6.8 -0.2
v 1.1 6.8 -0.3
v 1.1 6.8 -0.4
v 1.1 7.2 0.2
v 1.1 7.2 -0.2
v 1.2 6.1 0.3
v 1.2 6.1 0.2
v 1.2 6.1 -0.2
v 1.2 6.1 -0.3
v 1.2 6.2 0.4
v 1.2 6.2 0.3
v 1.2 6.2 0.2
v 1.2 6.2 -0.2
v 1.2 6.2 -0.3
v 1.2 6.2 -0.4
v 1.2 6.3 0.4
v 1.2 6.3 0.3
v 1.2 6.3 -0.3
v 1.2 6.3 -0.4
v 1.2 6.6 0.4
v 1.2 6.6 0.3
v 1.2 6.6 -0.3
v 1.2 6.6 -0.4
v 1.2 6.7 0.4
v 1.2 6.7 0.3
v 1.2 6.7 0.2
v 1.2 6.7 -0.2
v 1.2 6.7 -0.3
v 1.2 6.7 -0.4
v 1.2 6.8 0.3
v 1.2 6.8 0.2
v 1.2 6.8 -0.2
v 1.2 6.8 -0.3
v 1.2 7.2 0.2
v 1.2 7.2 -0.2
v 1.2 7.8 0.2
v 1.2 7.8 -0.2
v 1.3 6.1 0.2
v 1.3 6.1 -0.2
v 1.3 6.2 0.3
v 1.3 6.2 0.2
v 1.3 6.2 -0.2
v 1.3 6.2 -0.3
v 1.3 6.3 0.4
v 1.3 6.3 0.3
v 1.3 6.3 -0.3
v 1.3 6.3 -0.4
v 1.3 6.6 0.4
v 1.3 6.6 0.3
v 1.3 6.6 -0.3
v 1.3 6.6 -0.4
v 1.3 6.7 0.3
v 1.3 6.7 0.2
v 1.3 6.7 -0.2
v 1.3 6.7 -0.3
v 1.3 6.8 0.2
v 1.3 6.8 -0.2
v 1.3 7.8 0.2
v 1.3 7.8 -0.2
v 1.3 8.5 0.2
v 1.3 8.5 -0.2
v 1.4 8.5 0.2
v 1.4 8.5 -0.2
v 1.4 9.2 0.2
v 1.4 9.2 -0.2
v 1.4 17.6 0.2
v 1.4 17.6 -0.2
v 1.4 17.7 0.2
v 1.4 17.7 -0.2
v 1.5 9.2 0.2
v 1.5 9.2 -0.2
v 1.5 9.8 0.2
v 1.5 9.8 -0.2
v 1.6 9.8 0.2
v 1.6 9.8 -0.2
v 1.6 10.5 0.2
v 1.6 10.5 -0.2
v 1.7 10.5 0.2
v 1.7 10.5 -0.2
v 1.7 11.1 0.2
v 1.7 11.1 -0.2
v 1.7 17.5 0.2
v 1.7 17.5 -0.2
v 1.7 17.6 0.2
v 1.7 17.6 -0.2
v 1.8 11.1 0.2
v 1.8 11.1 -0.2
v 1.8 11.8 0.2
v 1.8 11.8 -0.2
v 1.9 11.8 0.2
v 1.9 11.8 -0.2
v 1.9 12.5 0.2
v 1.9 12.5 -0.2
v 1.9 17.4 0.2
v 1.9 17.4 -0.2
v 1.9 17.5 0.2
v 1.9 17.5 -0.2
v 2 12.5 0.2
v 2 12.5 -0.2
v 2 13.2 0.2
v 2 13.2 -0.2
v 2.1 13.2 0.2
v 2.1 13.2 -0.2
v 2.1 13.8 0.2
v 2.1 13.8 -0.2
v 2.1 17.3 0.2
v 2.1 17.3 -0.2
v 2.1 17.4 0.2
v 2.1 17.4 -0.2
v 2.2 13.8 0.2
v 2.2 13.8 -0.2
v 2.2 14.4 0.2
v 2.2 14.4 -0.2
v 2.2 17.2 0.2
v 2.2 17.2 -0.2
v 2.2 17.3 0.2
v 2.2 17.3 -0.2
v 2.3 14.4 0.2
v 2.3 14.4 -0.2
v 2.3 15.2 0.2
v 2.3 15.2 -0.2
v 2.3 17.1 0.2
v 2.3 17.1 -0.2
v 2.3 17.2 0.2
v 2.3 17.2 -0.2
v 2.4 15.2 0.2
v 2.4 15.2 -0.2
v 2.4 15.8 0.2
v 2.4 15.8 -0.2
v 2.4 16.9 0.2
v 2.4 16.9 -0.2
v 2.4 17.1 0.2
v 2.4 17.1 -0.2
v 2.5 15.8 0.2
v 2.5 15.8 -0.2
v 2.5 16.9 0.2
v 2.5 16.9 -0.2
v -1.1 6.4 0.5
v -1.1 6.5 0.5
v -1 6.3 0.5
v -1 6.4 0.5
v -1 6.5 0.5
v -1 6.6 0.5
v -0.8 6.3 0.5
v -0.8 6.4 0.5
v -0.8 6.5 0.5
v -0.8 6.6 0.5
v -0.7 6.4 0.5
v -0.7 6.5 0.5
v -0.4 5.1 0.5
v -0.4 5.3 0.5
v -0.3 5 0.5
v -0.3 5.1 0.5
v -0.3 5.3 0.5
v -0.3 5.4 0.5
v -0.3 6.4 0.5
v -0.3 6.5 0.5
v -0.2 4.9 0.5
v -0.2 5 0.5
v -0.2 5.4 0.5
v -0.2 5.5 0.5
v -0.2 6.3 0.5
v -0.2 6.4 0.5
v -0.2 6.5 0.5
v -0.2 6.6 0.5
v -0.0999999 4.8 0.5
v -0.0999999 4.9 0.5
v -0.0999999 5.5 0.5
v -0.0999999 5.6 0.5
v -0.0999999 6.2 0.5
v -0.0999999 6.3 0.5
v -0.0999999 6.6 0.5
v -0.0999999 6.7 0.5
v 0.1 4.8 0.5
v 0.1 4.9 0.5
v 0.1 5.5 0.5
v 0.1 5.6 0.5
v 0.1 6.2 0.5
v 0.1 6.3 0.5
v 0.1 6.6 0.5
v 0.1 6.7 0.5
v 0.2 4.9 0.5
v 0.2 5 0.5
v 0.2 5.4 0.5
v 0.2 5.5 0.5
v 0.2 6.3 0.5
v 0.2 6.4 0.5
v 0.2 6.5 0.5
v 0.2 6.6 0.5
v 0.3 5 0.5
v 0.3 5.1 0.5
v 0.3 5.3 0.5
v 0.3 5.4 0.5
v 0.3 6.4 0.5
v 0.3 6.5 0.5
v 0.4 5.1 0.5
v 0.4 5.3 0.5
v 0.7 6.4 0.5
v 0.7 6.5 0.5
v 0.8 6.3 0.5
v 0.8 6.4 0.5
v 0.8 6.5 0.5
v 0.8 6.6 0.5
v 1 6.3 0.5
v 1 6.4 0.5
v 1 6.5 0.5
v 1 6.6 0.5
v 1.1 6.4 0.5
v 1.1 6.5 0.5
v -1.3 6.3 0.4
v -1.3 6.6 0.4
v -1.2 6.2 0.4
v -1.2 6.3 0.4
v -1.2 6.6 0.4
v -1.2 6.7 0.4
v -1.1 6.1 0.4
v -1.1 6.2 0.4
v -1.1 6.4 0.4
v -1.1 6.5 0.4
v -1.1 6.7 0.4
v -1.1 6.8 0.4
v -1 6.3 0.4
v -1 6.4 0.4
v -1 6.5 0.4
v -1 6.6 0.4
v -0.8 6.3 0.4
v -0.8 6.4 0.4
v -0.8 6.5 0.4
v -0.8 6.6 0.4
v -0.7 6.4 0.4
v -0.7 6.5 0.4
v -0.6 6.8 0.4
v -0.6 7.2 0.4
v -0.5 5.1 0.4
v -0.5 5.3 0.4
v -0.5 7.2 0.4
v -0.5 7.8 0.4
v -0.4 5 0.4
v -0.4 5.1 0.4
v -0.4 5.3 0.4
v -0.4 5.4 0.4
v -0.4 7.8 0.4
v -0.4 8.3 0.4
v -0.3 4.9 0.4
v -0.3 5 0.4
v -0.3 5.1 0.4
v -0.3 5.3 0.4
v -0.3 5.4 0.4
v -0.3 5.5 0.4
v -0.3 6.4 0.4
v -0.3 6.5 0.4
v -0.3 8.3 0.4
v -0.3 8.8 0.4
v -0.2 4.8 0.4
v -0.2 4.9 0.4
v -0.2 5 0.4
v -0.2 5.4 0.4
v -0.2 5.5 0.4
v -0.2 5.6 0.4
v -0.2 6.3 0.4
v -0.2 6.4 0.4
v -0.2 6.5 0.4
v -0.2 6.6 0.4
v -0.2 8.8 0.4
v -0.2 9.3 0.4
v -0.0999999 4.7 0.4
v -0.0999999 4.8 0.4
v -0.0999999 4.9 0.4
v -0.0999999 5.5 0.4
v -0.0999999 5.6 0.4
v -0.0999999 5.7 0.4
v -0.0999999 6.2 0.4
v -0.0999999 6.3 0.4
v -0.0999999 6.6 0.4
v -0.0999999 6.7 0.4
v -0.0999999 9.3 0.4
v -0.0999999 9.9 0.4
v 0.1 4.7 0.4
v 0.1 4.8 0.4
v 0.1 4.9 0.4
v 0.1 5.5 0.4
v 0.1 5.6 0.4
v 0.1 5.7 0.4
v 0.1 6.2 0.4
v 0.1 6.3 0.4
v 0.1 6.6 0.4
v 0.1 6.7 0.4
v 0.1 9.3 0.4
v 0.1 9.9 0.4
v 0.2 4.8 0.4
v 0.2 4.9 0.4
v 0.2 5 0.4
v 0.2 5.4 0.4
v 0.2 5.5 0.4
v 0.2 5.6 0.4
v 0.2 6.3 0.4
v 0.2 6.4 0.4
v 0.2 6.5 0.4
v 0.2 6.6 0.4
v 0.2 8.8 0.4
v 0.2 9.3 0.4
v 0.3 4.9 0.4
v 0.3 5 0.4
v 0.3 5.1 0.4
v 0.3 5.3 0.4
v 0.3 5.4 0.4
v 0.3 5.5 0.4
v 0.3 6.4 0.4
v 0.3 6.5 0.4
v 0.3 8.3 0.4
v 0.3 8.8 0.4
v 0.4 5 0.4
v 0.4 5.1 0.4
v 0.4 5.3 0.4
v 0.4 5.4 0.4
v 0.4 7.7 0.4
v 0.4 8.3 0.4
v 0.5 5.1 0.4
v 0.5 5.3 0.4
v 0.5 7.2 0.4
v 0.5 7.7 0.4
v 0.6 6.8 0.4
v 0.6 7.2 0.4
v 0.7 6.4 0.4
v 0.7 6.5 0.4
v 0.8 6.3 0.4
v 0.8 6.4 0.4
v 0.8 6.5 0.4
v 0.8 6.6 0.4
v 1 6.3 0.4
v 1 6.4 0.4
v 1 6.5 0.4
v 1 6.6 0.4
v 1.1 6.1 0.4
v 1.1 6.2 0.4
v 1.1 6.4 0.4
v 1.1 6.5 0.4
v 1.1 6.7 0.4
v 1.1 6.8 0.4
v 1.2 6.2 0.4
v 1.2 6.3 0.4
v 1.2 6.6 0.4
v 1.2 6.7 0.4
v 1.3 6.3 0.4
v 1.3 6.6 0.4
v -1.3 6.2 0.3
v -1.3 6.3 0.3
v -1.3 6.6 0.3
v -1.3 6.7 0.3
v -1.2 6.1 0.3
v -1.2 6.2 0.3
v -1.2 6.3 0.3
v -1.2 6.6 0.3
v -1.2 6.7 0.3
v -1.2 6.8 0.3
v -1.1 6.1 0.3
v -1.1 6.2 0.3
v -1.1 6.7 0.3
v -1.1 6.8 0.3
v -0.9 5.5 0.3
v -0.9 6.1 0.3
v -0.9 6.8 0.3
v -0.9 7.1 0.3
v -0.8 4.4 0.3
v -0.8 5.5 0.3
v -0.8 7.1 0.3
v -0.8 7.6 0.3
v -0.7 3.8 0.3
v -0.7 4.4 0.3
v -0.7 7.6 0.3
v -0.7 8.1 0.3
v -0.6 6.8 0.3
v -0.6 7.2 0.3
v -0.6 8.1 0.3
v -0.6 8.6 0.3
v -0.5 3.8 0.3
v -0.5 3.9 0.3
v -0.5 5.1 0.3
v -0.5 5.3 0.3
v -0.5 7.2 0.3
v -0.5 7.8 0.3
v -0.5 8.6 0.3
v -0.5 9 0.3
v -0.4 5 0.3
v -0.4 5.1 0.3
v -0.4 5.3 0.3
v -0.4 5.4 0.3
v -0.4 7.8 0.3
v -0.4 8.3 0.3
v -0.4 9 0.3
v -0.4 9.5 0.3
v -0.3 3.9 0.3
v -0.3 4 0.3
v -0.3 4.9 0.3
v -0.3 5 0.3
v -0.3 5.4 0.3
v -0.3 5.5 0.3
v -0.3 8.3 0.3
v -0.3 8.8 0.3
v -0.3 9.5 0.3
v -0.3 9.9 0.3
v -0.2 4.8 0.3
v -0.2 4.9 0.3
v -0.2 5.5 0.3
v -0.2 5.6 0.3
v -0.2 8.8 0.3
v -0.2 9.3 0.3
v -0.2 9.9 0.3
v -0.2 10.1 0.3
v -0.0999999 4.7 0.3
v -0.0999999 4.8 0.3
v -0.0999999 5.6 0.3
v -0.0999999 5.7 0.3
v -0.0999999 9.3 0.3
v -0.0999999 9.9 0.3
v -0.0999999 10.1 0.3
v -0.0999999 10.2 0.3
v 0.1 4.7 0.3
v 0.1 4.8 0.3
v 0.1 5.6 0.3
v 0.1 5.7 0.3
v 0.1 9.3 0.3
v 0.1 9.9 0.3
v 0.1 10.1 0.3
v 0.1 10.2 0.3
v 0.2 4.8 0.3
v 0.2 4.9 0.3
v 0.2 5.5 0.3
v 0.2 5.6 0.3
v 0.2 8.8 0.3
v 0.2 9.3 0.3
v 0.2 9.9 0.3
v 0.2 10.1 0.3
v 0.3 3.9 0.3
v 0.3 4 0.3
v 0.3 4.9 0.3
v 0.3 5 0.3
v 0.3 5.4 0.3
v 0.3 5.5 0.3
v 0.3 8.3 0.3
v 0.3 8.8 0.3
v 0.3 9.5 0.3
v 0.3 9.9 0.3
v 0.4 5 0.3
v 0.4 5.1 0.3
v 0.4 5.3 0.3
v 0.4 5.4 0.3
v 0.4 7.7 0.3
v 0.4 8.3 0.3
v 0.4 9 0.3
v 0.4 9.5 0.3
v 0.5 3.8 0.3
v 0.5 3.9 0.3
v 0.5 5.1 0.3
v 0.5 5.3 0.3
v 0.5 7.2 0.3
v 0.5 7.7 0.3
v 0.5 8.6 0.3
v 0.5 9 0.3
v 0.6 6.8 0.3
v 0.6 7.2 0.3
v 0.6 8.1 0.3
v 0.6 8.6 0.3
v 0.7 3.8 0.3
v 0.7 4.4 0.3
v 0.7 7.6 0.3
v 0.7 8.1 0.3
v 0.8 4.4 0.3
v 0.8 5.5 0.3
v 0.8 7.1 0.3
v 0.8 7.6 0.3
v 0.9 5.5 0.3
v 0.9 6.1 0.3
v 0.9 6.8 0.3
v 0.9 7.1 0.3
v 1.1 6.1 0.3
v 1.1 6.2 0.3
v 1.1 6.7 0.3
v 1.1 6.8 0.3
v 1.2 6.1 0.3
v 1.2 6.2 0.3
v 1.2 6.3 0.3
v 1.2 6.6 0.3
v 1.2 6.7 0.3
v 1.2 6.8 0.3
v 1.3 6.2 0.3
v 1.3 6.3 0.3
v 1.3 6.6 0.3
v 1.3 6.7 0.3
v -2.5 15.8 0.2
v -2.5 16.9 0.2
v -2.4 15.2 0.2
v -2.4 15.8 0.2
v -2.4 16.9 0.2
v -2.4 17.1 0.2
v -2.3 14.4 0.2
v -2.3 15.2 0.2
v -2.3 17.1 0.2
v -2.3 17.2 0.2
v -2.2 13.8 0.2
v -2.2 14.4 0.2
v -2.2 17.2 0.2
v -2.2 17.3 0.2
v -2.1 13.2 0.2
v -2.1 13.8 0.2
v -2.1 17.3 0.2
v -2.1 17.4 0.2
v -2 12.5 0.2
v -2 13.2 0.2
v -1.9 11.8 0.2
v -1.9 12.5 0.2
v -1.9 17.4 0.2
v -1.9 17.5 0.2
v -1.8 11.1 0.2
v -1.8 11.8 0.2
v -1.8 16 0.2
v -1.8 16.1 0.2
v -1.7 10.5 0.2
v -1.7 11.1 0.2
v -1.7 15.9 0.2
v -1.7 16 0.2
v -1.7 16.1 0.2
v -1.7 16.2 0.2
v -1.7 17.5 0.2
v -1.7 17.6 0.2
v -1.6 9.8 0.2
v -1.6 10.5 0.2
v -1.6 15.8 0.2
v -1.6 15.9 0.2
v -1.6 16.2 0.2
v -1.6 16.3 0.2
v -1.5 9.2 0.2
v -1.5 9.8 0.2
v -1.5 15.7 0.2
v -1.5 15.8 0.2
v -1.5 16.3 0.2
v -1.5 16.4 0.2
v -1.4 8.5 0.2
v -1.4 9.2 0.2
v -1.4 15.6 0.2
v -1.4 15.7 0.2
v -1.4 16.4 0.2
v -1.4 16.5 0.2
v -1.4 17.6 0.2
v -1.4 17.7 0.2
v -1.3 6.1 0.2
v -1.3 6.2 0.2
v -1.3 6.7 0.2
v -1.3 6.8 0.2
v -1.3 7.8 0.2
v -1.3 8.5 0.2
v -1.3 15.5 0.2
v -1.3 15.6 0.2
v -1.3 16.5 0.2
v -1.3 16.6 0.2
v -1.2 6.1 0.2
v -1.2 6.2 0.2
v -1.2 6.7 0.2
v -1.2 6.8 0.2
v -1.2 7.2 0.2
v -1.2 7.8 0.2
v -1.2 15.4 0.2
v -1.2 15.5 0.2
v -1.2 16.6 0.2
v -1.2 16.7 0.2
v -1.1 6.8 0.2
v -1.1 7.2 0.2
v -1.1 15.3 0.2
v -1.1 15.4 0.2
v -1.1 16.6 0.2
v -1.1 16.7 0.2
v -1 15.2 0.2
v -1 15.3 0.2
v -1 16.5 0.2
v -1 16.6 0.2
v -0.9 6.8 0.2
v -0.9 7.1 0.2
v -0.9 15.1 0.2
v -0.9 15.2 0.2
v -0.9 16.4 0.2
v -0.9 16.5 0.2
v -0.9 17.7 0.2
v -0.9 17.8 0.2
v -0.8 7.1 0.2
v -0.8 7.6 0.2
v -0.8 15 0.2
v -0.8 15.1 0.2
v -0.8 16.3 0.2
v -0.8 16.4 0.2
v -0.7 7.6 0.2
v -0.7 8.1 0.2
v -0.7 14.9 0.2
v -0.7 15 0.2
v -0.7 16.2 0.2
v -0.7 16.3 0.2
v -0.6 8.1 0.2
v -0.6 8.6 0.2
v -0.6 14.8 0.2
v -0.6 14.9 0.2
v -0.6 16.1 0.2
v -0.6 16.2 0.2
v -0.5 8.6 0.2
v -0.5 9 0.2
v -0.5 14.7 0.2
v -0.5 14.8 0.2
v -0.5 16 0.2
v -0.5 16.1 0.2
v -0.4 9 0.2
v -0.4 9.5 0.2
v -0.4 14.6 0.2
v -0.4 14.7 0.2
v -0.4 15.9 0.2
v -0.4 16 0.2
v -0.3 9.5 0.2
v -0.3 9.9 0.2
v -0.3 14.5 0.2
v -0.3 14.6 0.2
v -0.3 15.8 0.2
v -0.3 15.9 0.2
v -0.2 9.9 0.2
v -0.2 10.1 0.2
v -0.2 14.4 0.2
v -0.2 14.5 0.2
v -0.2 15.7 0.2
v -0.2 15.8 0.2
v -0.0999999 10.1 0.2
v -0.0999999 10.2 0.2
v -0.0999999 14.3 0.2
v -0.0999999 14.4 0.2
v -0.0999999 15.6 0.2
v -0.0999999 15.7 0.2
v 0.1 10.1 0.2
v 0.1 10.2 0.2
v 0.1 14.3 0.2
v 0.1 14.4 0.2
v 0.1 15.6 0.2
v 0.1 15.7 0.2
v 0.2 9.9 0.2
v 0.2 10.1 0.2
v 0.2 14.4 0.2
v 0.2 14.5 0.2
v 0.2 15.7 0.2
v 0.2 15.8 0.2
v 0.3 9.5 0.2
v 0.3 9.9 0.2
v 0.3 14.5 0.2
v 0.3 14.6 0.2
v 0.3 15.8 0.2
v 0.3 15.9 0.2
v 0.4 9 0.2
v 0.4 9.5 0.2
v 0.4 14.6 0.2
v 0.4 14.7 0.2
v 0.4 15.9 0.2
v 0.4 16 0.2
v 0.5 8.6 0.2
v 0.5 9 0.2
v 0.5 14.7 0.2
v 0.5 14.8 0.2
v 0.5 16 0.2
v 0.5 16.1 0.2
v 0.6 8.1 0.2
v 0.6 8.6 0.2
v 0.6 14.8 0.2
v 0.6 14.9 0.2
v 0.6 16.1 0.2
v 0.6 16.2 0.2
v 0.7 7.6 0.2
v 0.7 8.1 0.2
v 0.7 14.9 0.2
v 0.7 15 0.2
v 0.7 16.2 0.2
v 0.7 16.3 0.2
v 0.8 7.1 0.2
v 0.8 7.6 0.2
v 0.8 15 0.2
v 0.8 15.1 0.2
v 0.8 16.3 0.2
v 0.8 16.4 0.2
v 0.9 6.8 0.2
v 0.9 7.1 0.2
v 0.9 15.1 0.2
v 0.9 15.2 0.2
v 0.9 16.4 0.2
v 0.9 16.5 0.2
v 0.9 17.7 0.2
v 0.9 17.8 0.2
v 1 15.2 0.2
v 1 15.3 0.2
v 1 16.5 0.2
v 1 16.6 0.2
v 1.1 6.8 0.2
v 1.1 7.2 0.2
v 1.1 15.3 0.2
v 1.1 15.4 0.2
v 1.1 16.6 0.2
v 1.1 16.7 0.2
v 1.2 6.1 0.2
v 1.2 6.2 0.2
v 1.2 6.7 0.2
v 1.2 6.8 0.2
v 1.2 7.2 0.2
v 1.2 7.8 0.2
v 1.2 15.4 0.2
v 1.2 15.5 0.2
v 1.2 16.6 0.2
v 1.2 16.7 0.2
v 1.3 6.1 0.2
v 1.3 6.2 0.2
v 1.3 6.7 0.2
v 1.3 6.8 0.2
v 1.3 7.8 0.2
v 1.3 8.5 0.2
v 1.3 15.5 0.2
v 1.3 15.6 0.2
v 1.3 16.5 0.2
v 1.3 16.6 0.2
v 1.4 8.5 0.2
v 1.4 9.2 0.2
v 1.4 15.6 0.2
v 1.4 15.7 0.2
v 1.4 16.4 0.2
v 1.4 16.5 0.2
v 1.4 17.6 0.2
v 1.4 17.7 0.2
v 1.5 9.2 0.2
v 1.5 9.8 0.2
v 1.5 15.7 0.2
v 1.5 15.8 0.2
v 1.5 16.3 0.2
v 1.5 16.4 0.2
v 1.6 9.8 0.2
v 1.6 10.5 0.2
v 1.6 15.8 0.2
v 1.6 15.9 0.2
v 1.6 16.2 0.2
v 1.6 16.3 0.2
v 1.7 10.5 0.2
v 1.7 11.1 0.2
v 1.7 15.9 0.2
v 1.7 16 0.2
v 1.7 16.1 0.2
v 1.7 16.2 0.2
v 1.7 17.5 0.2
v 1.7 17.6 0.2
v 1.8 11.1 0.2
v 1.8 11.8 0.2
v 1.8 16 0.2
v 1.8 16.1 0.2
v 1.9 11.8 0.2
v 1.9 12.5 0.2
v 1.9 17.4 0.2
v 1.9 17.5 0.2
v 2 12.5 0.2
v 2 13.2 0.2
v 2.1 13.2 0.2
v 2.1 13.8 0.2
v 2.1 17.3 0.2
v 2.1 17.4 0.2
v 2.2 13.8 0.2
v 2.2 14.4 0.2
v 2.2 17.2 0.2
v 2.2 17.3 0.2
v 2.3 14.4 0.2
v 2.3 15.2 0.2
v 2.3 17.1 0.2
v 2.3 17.2 0.2
v 2.4 15.2 0.2
v 2.4 15.8 0.2
v 2.4 16.9 0.2
v 2.4 17.1 0.2
v 2.5 15.8 0.2
v 2.5 16.9 0.2
v -0.9 5.5 -0.2
v -0.9 6.1 -0.2
v -0.8 4.4 -0.2
v -0.8 5.5 -0.2
v -0.7 3.9 -0.2
v -0.7 4.4 -0.2
v -0.5 3.9 -0.2
v -0.5 4 -0.2
v -0.3 4 -0.2
v -0.3 4.1 -0.2
v 0.3 4 -0.2
v 0.3 4.1 -0.2
v 0.5 3.9 -0.2
v 0.5 4 -0.2
v 0.7 3.9 -0.2
v 0.7 4.4 -0.2
v 0.8 4.4 -0.2
v 0.8 5.5 -0.2
v 0.9 5.5 -0.2
v 0.9 6.1 -0.2
v -0.9 5.5 0.2
v -0.9 6.1 0.2
v -0.8 4.4 0.2
v -0.8 5.5 0.2
v -0.7 3.9 0.2
v -0.7 4.4 0.2
v -0.5 3.9 0.2
v -0.5 4 0.2
v -0.3 4 0.2
v -0.3 4.1 0.2
v 0.3 4 0.2
v 0.3 4.1 0.2
v 0.5 3.9 0.2
v 0.5 4 0.2
v 0.7 3.9 0.2
v 0.7 4.4 0.2
v 0.8 4.4 0.2
v 0.8 5.5 0.2
v 0.9 5.5 0.2
v 0.9 6.1 0.2
v -2.5 15.8 -0.2
v -2.5 16.9 -0.2
v -2.4 15.2 -0.2
v -2.4 15.8 -0.2
v -2.4 16.9 -0.2
v -2.4 17.1 -0.2
v -2.3 14.4 -0.2
v -2.3 15.2 -0.2
v -2.3 17.1 -0.2
v -2.3 17.2 -0.2
v -2.2 13.8 -0.2
v -2.2 14.4 -0.2
v -2.2 17.2 -0.2
v -2.2 17.3 -0.2
v -2.1 13.2 -0.2
v -2.1 13.8 -0.2
v -2.1 17.3 -0.2
v -2.1 17.4 -0.2
v -2 12.5 -0.2
v -2 13.2 -0.2
v -1.9 11.8 -0.2
v -1.9 12.5 -0.2
v -1.9 17.4 -0.2
v -1.9 17.5 -0.2
v -1.8 11.1 -0.2
v -1.8 11.8 -0.2
v -1.8 16 -0.2
v -1.8 16.1 -0.2
v -1.7 10.5 -0.2
v -1.7 11.1 -0.2
v -1.7 15.9 -0.2
v -1.7 16 -0.2
v -1.7 16.1 -0.2
v -1.7 16.2 -0.2
v -1.7 17.5 -0.2
v -1.7 17.6 -0.2
v -1.6 9.8 -0.2
v -1.6 10.5 -0.2
v -1.6 15.8 -0.2
v -1.6 15.9 -0.2
v -1.6 16.2 -0.2
v -1.6 16.3 -0.2
v -1.5 9.2 -0.2
v -1.5 9.8 -0.2
v -1.5 15.7 -0.2
v -1.5 15.8 -0.2
v -1.5 16.3 -0.2
v -1.5 16.4 -0.2
v -1.4 8.5 -0.2
v -1.4 9.2 -0.2
v -1.4 15.6 -0.2
v -1.4 15.7 -0.2
v -1.4 16.4 -0.2
v -1.4 16.5 -0.2
v -1.4 17.6 -0.2
v -1.4 17.7 -0.2
v -1.3 6.1 -0.2
v -1.3 6.2 -0.2
v -1.3 6.7 -0.2
v -1.3 6.8 -0.2
v -1.3 7.8 -0.2
v -1.3 8.5 -0.2
v -1.3 15.5 -0.2
v -1.3 15.6 -0.2
v -1.3 16.5 -0.2
v -1.3 16.6 -0.2
v -1.2 6.1 -0.2
v -1.2 6.2 -0.2
v -1.2 6.7 -0.2
v -1.2 6.8 -0.2
v -1.2 7.2 -0.2
v -1.2 7.8 -0.2
v -1.2 15.4 -0.2
v -1.2 15.5 -0.2
v -1.2 16.6 -0.2
v -1.2 16.7 -0.2
v -1.1 6.8 -0.2
v -1.1 7.2 -0.2
v -1.1 15.3 -0.2
v -1.1 15.4 -0.2
v -1.1 16.6 -0.2
v -1.1 16.7 -0.2
v -1 15.2 -0.2
v -1 15.3 -0.2
v -1 16.5 -0.2
v -1 16.6 -0.2
v -0.9 6.8 -0.2
v -0.9 7.1 -0.2
v -0.9 15.1 -0.2
v -0.9 15.2 -0.2
v -0.9 16.4 -0.2
v -0.9 16.5 -0.2
v -0.9 17.7 -0.2
v -0.9 17.8 -0.2
v -0.8 7.1 -0.2
v -0.8 7.6 -0.2
v -0.8 15 -0.2
v -0.8 15.1 -0.2
v -0.8 16.3 -0.2
v -0.8 16.4 -0.2
v -0.7 7.6 -0.2
v -0.7 8.1 -0.2
v -0.7 14.9 -0.2
v -0.7 15 -0.2
v -0.7 16.2 -0.2
v -0.7 16.3 -0.2
v -0.6 8.1 -0.2
v -0.6 8.6 -0.2
v -0.6 14.8 -0.2
v -0.6 14.9 -0.2
v -0.6 16.1 -0.2
v -0.6 16.2 -0.2
v -0.5 8.6 -0.2
v -0.5 9 -0.2
v -0.5 14.7 -0.2
v -0.5 14.8 -0.2
v -0.5 16 -0.2
v -0.5 16.1 -0.2
v -0.4 9 -0.2
v -0.4 9.5 -0.2
v -0.4 14.6 -0.2
v -0.4 14.7 -0.2
v -0.4 15.9 -0.2
v -0.4 16 -0.2
v -0.3 9.5 -0.2
v -0.3 9.9 -0.2
v -0.3 14.5 -0.2
v -0.3 14.6 -0.2
v -0.3 15.8 -0.2
v -0.3 15.9 -0.2
v -0.2 9.9 -0.2
v -0.2 10.1 -0.2
v -0.2 14.4 -0.2
v -0.2 14.5 -0.2
v -0.2 15.7 -0.2
v -0.2 15.8 -0.2
v -0.0999999 10.1 -0.2
v -0.0999999 10.2 -0.2
v -0.0999999 14.3 -0.2
v -0.0999999 14.4 -0.2
v -0.0999999 15.6 -0.2
v -0.0999999 15.7 -0.2
v 0.1 10.1 -0.2
v 0.1 10.2 -0.2
v 0.1 14.3 -0.2
v 0.1 14.4 -0.2
v 0.1 15.6 -0.2
v 0.1 15.7 -0.2
v 0.2 9.9 -0.2
v 0.2 10.1 -0.2
v 0.2 14.4 -0.2
v 0.2 14.5 -0.2
v 0.2 15.7 -0.2
v 0.2 15.8 -0.2
v 0.3 9.5 -0.2
v 0.3 9.9 -0.2
v 0.3 14.5 -0.2
v 0.3 14.6 -0.2
v 0.3 15.8 -0.2
v 0.3 15.9 -0.2
v 0.4 9 -0.2
v 0.4 9.5 -0.2
v 0.4 14.6 -0.2
v 0.4 14.7 -0.2
v 0.4 15.9 -0.2
v 0.4 16 -0.2
v 0.5 8.6 -0.2
v 0.5 9 -0.2
v 0.5 14.7 -0.2
v 0.5 14.8 -0.2
v 0.5 16 -0.2
v 0.5 16.1 -0.2
v 0.6 8.1 -0.2
v 0.6 8.6 -0.2
v 0.6 14.8 -0.2
v 0.6 14.9 -0.2
v 0.6 16.1 -0.2
v 0.6 16.2 -0.2
v 0.7 7.6 -0.2
v 0.7 8.1 -0.2
v 0.7 14.9 -0.2
v 0.7 15 -0.2
v 0.7 16.2 -0.2
v 0.7 16.3 -0.2
v 0.8 7.1 -0.2
v 0.8 7.6 -0.2
v 0.8 15 -0.2
v 0.8 15.1 -0.2
v 0.8 16.3 -0.2
v 0.8 16.4 -0.2
v 0.9 6.8 -0.2
v 0.9 7.1 -0.2
v 0.9 15.1 -0.2
v 0.9 15.2 -0.2
v 0.9 16.4 -0.2
v 0.9 16.5 -0.2
v 0.9 17.7 -0.2
v 0.9 17.8 -0.2
v 1 15.2 -0.2
v 1 15.3 -0.2
v 1 16.5 -0.2
v 1 16.6 -0.2
v 1.1 6.8 -0.2
v 1.1 7.2 -0.2
v 1.1 15.3 -0.2
v 1.1 15.4 -0.2
v 1.1 16.6 -0.2
v 1.1 16.7 -0.2
v 1.2 6.1 -0.2
v 1.2 6.2 -0.2
v 1.2 6.7 -0.2
v 1.2 6.8 -0.2
v 1.2 7.2 -0.2
v 1.2 7.8 -0.2
v 1.2 15.4 -0.2
v 1.2 15.5 -0.2
v 1.2 16.6 -0.2
v 1.2 16.7 -0.2
v 1.3 6.1 -0.2
v 1.3 6.2 -0.2
v 1.3 6.7 -0.2
v 1.3 6.8 -0.2
v 1.3 7.8 -0.2
v 1.3 8.5 -0.2
v 1.3 15.5 -0.2
v 1.3 15.6 -0.2
v 1.3 16.5 -0.2
v 1.3 16.6 -0.2
v 1.4 8.5 -0.2
v 1.4 9.2 -0.2
v 1.4 15.6 -0.2
v 1.4 15.7 -0.2
v 1.4 16.4 -0.2
v 1.4 16.5 -0.2
v 1.4 17.6 -0.2
v 1.4 17.7 -0.2
v 1.5 9.2 -0.2
v 1.5 9.8 -0.2
v 1.5 15.7 -0.2
v 1.5 15.8 -0.2
v 1.5 16.3 -0.2
v 1.5 16.4 -0.2
v 1.6 9.8 -0.2
v 1.6 10.5 -0.2
v 1.6 15.8 -0.2
v 1.6 15.9 -0.2
v 1.6 16.2 -0.2
v 1.6 16.3 -0.2
v 1.7 10.5 -0.2
v 1.7 11.1 -0.2
v 1.7 15.9 -0.2
v 1.7 16 -0.2
v 1.7 16.1 -0.2
v 1.7 16.2 -0.2
v 1.7 17.5 -0.2
v 1.7 17.6 -0.2
v 1.8 11.1 -0.2
v 1.8 11.8 -0.2
v 1.8 16 -0.2
v 1.8 16.1 -0.2
v 1.9 11.8 -0.2
v 1.9 12.5 -0.2
v 1.9 17.4 -0.2
v 1.9 17.5 -0.2
v 2 12.5 -0.2
v 2 13.2 -0.2
v 2.1 13.2 -0.2
v 2.1 13.8 -0.2
v 2.1 17.3 -0.2
v 2.1 17.4 -0.2
v 2.2 13.8 -0.2
v 2.2 14.4 -0.2
v 2.2 17.2 -0.2
v 2.2 17.3 -0.2
v 2.3 14.4 -0.2
v 2.3 15.2 -0.2
v 2.3 17.1 -0.2
v 2.3 17.2 -0.2
v 2.4 15.2 -0.2
v 2.4 15.8 -0.2
v 2.4 16.9 -0.2
v 2.4 17.1 -0.2
v 2.5 15.8 -0.2
v 2.5 16.9 -0.2
v -1.3 6.2 -0.3
v -1.3 6.3 -0.3
v -1.3 6.6 -0.3
v -1.3 6.7 -0.3
v -1.2 6.1 -0.3
v -1.2 6.2 -0.3
v -1.2 6.3 -0.3
v -1.2 6.6 -0.3
v -1.2 6.7 -0.3
v -1.2 6.8 -0.3
v -1.1 6.1 -0.3
v -1.1 6.2 -0.3
v -1.1 6.7 -0.3
v -1.1 6.8 -0.3
v -0.9 5.5 -0.3
v -0.9 6.1 -0.3
v -0.9 6.8 -0.3
v -0.9 7.1 -0.3
v -0.8 4.4 -0.3
v -0.8 5.5 -0.3
v -0.8 7.1 -0.3
v -0.8 7.6 -0.3
v -0.7 3.8 -0.3
v -0.7 4.4 -0.3
v -0.7 7.6 -0.3
v -0.7 8.1 -0.3
v -0.6 6.8 -0.3
v -0.6 7.2 -0.3
v -0.6 8.1 -0.3
v -0.6 8.6 -0.3
v -0.5 3.8 -0.3
v -0.5 3.9 -0.3
v -0.5 5.1 -0.3
v -0.5 5.3 -0.3
v -0.5 7.2 -0.3
v -0.5 7.8 -0.3
v -0.5 8.6 -0.3
v -0.5 9 -0.3
v -0.4 5 -0.3
v -0.4 5.1 -0.3
v -0.4 5.3 -0.3
v -0.4 5.4 -0.3
v -0.4 7.8 -0.3
v -0.4 8.3 -0.3
v -0.4 9 -0.3
v -0.4 9.5 -0.3
v -0.3 3.9 -0.3
v -0.3 4 -0.3
v -0.3 4.9 -0.3
v -0.3 5 -0.3
v -0.3 5.4 -0.3
v -0.3 5.5 -0.3
v -0.3 8.3 -0.3
v -0.3 8.8 -0.3
v -0.3 9.5 -0.3
v -0.3 9.9 -0.3
v -0.2 4.8 -0.3
v -0.2 4.9 -0.3
v -0.2 5.5 -0.3
v -0.2 5.6 -0.3
v -0.2 8.8 -0.3
v -0.2 9.3 -0.3
v -0.2 9.9 -0.3
v -0.2 10.1 -0.3
v -0.0999999 4.7 -0.3
v -0.0999999 4.8 -0.3
v -0.0999999 5.6 -0.3
v -0.0999999 5.7 -0.3
v -0.0999999 9.3 -0.3
v -0.0999999 9.9 -0.3
v -0.0999999 10.1 -0.3
v -0.0999999 10.2 -0.3
v 0.1 4.7 -0.3
v 0.1 4.8 -0.3
v 0.1 5.6 -0.3
v 0.1 5.7 -0.3
v 0.1 9.3 -0.3
v 0.1 9.9 -0.3
v 0.1 10.1 -0.3
v 0.1 10.2 -0.3
v 0.2 4.8 -0.3
v 0.2 4.9 -0.3
v 0.2 5.5 -0.3
v 0.2 5.6 -0.3
v 0.2 8.8 -0.3
v 0.2 9.3 -0.3
v 0.2 9.9 -0.3
v 0.2 10.1 -0.3
v 0.3 3.9 -0.3
v 0.3 4 -0.3
v 0.3 4.9 -0.3
v 0.3 5 -0.3
v 0.3 5.4 -0.3
v 0.3 5.5 -0.3
v 0.3 8.3 -0.3
v 0.3 8.8 -0.3
v 0.3 9.5 -0.3
v 0.3 9.9 -0.3
v 0.4 5 -0.3
v 0.4 5.1 -0.3
v 0.4 5.3 -0.3
v 0.4 5.4 -0.3
v 0.4 7.7 -0.3
v 0.4 8.3 -0.3
v 0.4 9 -0.3
v 0.4 9.5 -0.3
v 0.5 3.8 -0.3
v 0.5 3.9 -0.3
v 0.5 5.1 -0.3
v 0.5 5.3 -0.3
v 0.5 7.2 -0.3
v 0.5 7.7 -0.3
v 0.5 8.6 -0.3
v 0.5 9 -0.3
v 0.6 6.8 -0.3
v 0.6 7.2 -0.3
v 0.6 8.1 -0.3
v 0.6 8.6 -0.3
v 0.7 3.8 -0.3
v 0.7 4.4 -0.3
v 0.7 7.6 -0.3
v 0.7 8.1 -0.3
v 0.8 4.4 -0.3
v 0.8 5.5 -0.3
v 0.8 7.1 -0.3
v 0.8 7.6 -0.3
v 0.9 5.5 -0.3
v 0.9 6.1 -0.3
v 0.9 6.8 -0.3
v 0.9 7.1 -0.3
v 1.1 6.1 -0.3
v 1.1 6.2 -0.3
v 1.1 6.7 -0.3
v 1.1 6.8 -0.3
v 1.2 6.1 -0.3
v 1.2 6.2 -0.3
v 1.2 6.3 -0.3
v 1.2 6.6 -0.3
v 1.2 6.7 -0.3
v 1.2 6.8 -0.3
v 1.3 6.2 -0.3
v 1.3 6.3 -0.3
v 1.3 6.6 -0.3
v 1.3 6.7 -0.3
v -1.3 6.3 -0.4
v -1.3 6.6 -0.4
v -1.2 6.2 -0.4
v -1.2 6.3 -0.4
v -1.2 6.6 -0.4
v -1.2 6.7 -0.4
v -1.1 6.1 -0.4
v -1.1 6.2 -0.4
v -1.1 6.4 -0.4
v -1.1 6.5 -0.4
v -1.1 6.7 -0.4
v -1.1 6.8 -0.4
v -1 6.3 -0.4
v -1 6.4 -0.4
v -1 6.5 -0.4
v -1 6.6 -0.4
v -0.8 6.3 -0.4
v -0.8 6.4 -0.4
v -0.8 6.5 -0.4
v -0.8 6.6 -0.4
v -0.7 6.4 -0.4
v -0.7 6.5 -0.4
v -0.6 6.8 -0.4
v -0.6 7.2 -0.4
v -0.5 5.1 -0.4
v -0.5 5.3 -0.4
v -0.5 7.2 -0.4
v -0.5 7.8 -0.4
v -0.4 5 -0.4
v -0.4 5.1 -0.4
v -0.4 5.3 -0.4
v -0.4 5.4 -0.4
v -0.4 7.8 -0.4
v -0.4 8.3 -0.4
v -0.3 4.9 -0.4
v -0.3 5 -0.4
v -0.3 5.1 -0.4
v -0.3 5.3 -0.4
v -0.3 5.4 -0.4
v -0.3 5.5 -0.4
v -0.3 6.4 -0.4
v -0.3 6.5 -0.4
v -0.3 8.3 -0.4
v -0.3 8.8 -0.4
v -0.2 4.8 -0.4
v -0.2 4.9 -0.4
v -0.2 5 -0.4
v -0.2 5.4 -0.4
v -0.2 5.5 -0.4
v -0.2 5.6 -0.4
v -0.2 6.3 -0.4
v -0.2 6.4 -0.4
v -0.2 6.5 -0.4
v -0.2 6.6 -0.4
v -0.2 8.8 -0.4
v -0.2 9.3 -0.4
v -0.0999999 4.7 -0.4
v -0.0999999 4.8 -0.4
v -0.0999999 4.9 -0.4
v -0.0999999 5.5 -0.4
v -0.0999999 5.6 -0.4
v -0.0999999 5.7 -0.4
v -0.0999999 6.2 -0.4
v -0.0999999 6.3 -0.4
v -0.0999999 6.6 -0.4
v -0.0999999 6.7 -0.4
v -0.0999999 9.3 -0.4
v -0.0999999 9.9 -0.4
v 0.1 4.7 -0.4
v 0.1 4.8 -0.4
v 0.1 4.9 -0.4
v 0.1 5.5 -0.4
v 0.1 5.6 -0.4
v 0.1 5.7 -0.4
v 0.1 6.2 -0.4
v 0.1 6.3 -0.4
v 0.1 6.6 -0.4
v 0.1 6.7 -0.4
v 0.1 9.3 -0.4
v 0.1 9.9 -0.4
v 0.2 4.8 -0.4
v 0.2 4.9 -0.4
v 0.2 5 -0.4
v 0.2 5.4 -0.4
v 0.2 5.5 -0.4
v 0.2 5.6 -0.4
v 0.2 6.3 -0.4
v 0.2 6.4 -0.4
v 0.2 6.5 -0.4
v 0.2 6.6 -0.4
v 0.2 8.8 -0.4
v 0.2 9.3 -0.4
v 0.3 4.9 -0.4
v 0.3 5 -0.4
v 0.3 5.1 -0.4
v 0.3 5.3 -0.4
v 0.3 5.4 -0.4
v 0.3 5.5 -0.4
v 0.3 6.4 -0.4
v 0.3 6.5 -0.4
v 0.3 8.3 -0.4
v 0.3 8.8 -0.4
v 0.4 5 -0.4
v 0.4 5.1 -0.4
v 0.4 5.3 -0.4
v 0.4 5.4 -0.4
v 0.4 7.7 -0.4
v 0.4 8.3 -0.4
v 0.5 5.1 -0.4
v 0.5 5.3 -0.4
v 0.5 7.2 -0.4
v 0.5 7.7 -0.4
v 0.6 6.8 -0.4
v 0.6 7.2 -0.4
v 0.7 6.4 -0.4
v 0.7 6.5 -0.4
v 0.8 6.3 -0.4
v 0.8 6.4 -0.4
v 0.8 6.5 -0.4
v 0.8 6.6 -0.4
v 1 6.3 -0.4
v 1 6.4 -0.4
v 1 6.5 -0.4
v 1 6.6 -0.4
v 1.1 6.1 -0.4
v 1.1 6.2 -0.4
v 1.1 6.4 -0.4
v 1.1 6.5 -0.4
v 1.1 6.7 -0.4
v 1.1 6.8 -0.4
v 1.2 6.2 -0.4
v 1.2 6.3 -0.4
v 1.2 6.6 -0.4
v 1.2 6.7 -0.4
v 1.3 6.3 -0.4
v 1.3 6.6 -0.4
v -1.1 6.4 -0.5
v -1.1 6.5 -0.5
v -1 6.3 -0.5
v -1 6.4 -0.5
v -1 6.5 -0.5
v -1 6.6 -0.5
v -0.8 6.3 -0.5
v -0.8 6.4 -0.5
v -0.8 6.5 -0.5
v -0.8 6.6 -0.5
v -0.7 6.4 -0.5
v -0.7 6.5 -0.5
v -0.4 5.1 -0.5
v -0.4 5.3 -0.5
v -0.3 5 -0.5
v -0.3 5.1 -0.5
v -0.3 5.3 -0.5
v -0.3 5.4 -0.5
v -0.3 6.4 -0.5
v -0.3 6.5 -0.5
v -0.2 4.9 -0.5
v -0.2 5 -0.5
v -0.2 5.4 -0.5
v -0.2 5.5 -0.5
v -0.2 6.3 -0.5
v -0.2 6.4 -0.5
v -0.2 6.5 -0.5
v -0.2 6.6 -0.5
v -0.0999999 4.8 -0.5
v -0.0999999 4.9 -0.5
v -0.0999999 5.5 -0.5
v -0.0999999 5.6 -0.5
v -0.0999999 6.2 -0.5
v -0.0999999 6.3 -0.5
v -0.0999999 6.6 -0.5
v -0.0999999 6.7 -0.5
v 0.1 4.8 -0.5
v 0.1 4.9 -0.5
v 0.1 5.5 -0.5
v 0.1 5.6 -0.5
v 0.1 6.2 -0.5
v 0.1 6.3 -0.5
v 0.1 6.6 -0.5
v 0.1 6.7 -0.5
v 0.2 4.9 -0.5
v 0.2 5 -0.5
v 0.2 5.4 -0.5
v 0.2 5.5 -0.5
v 0.2 6.3 -0.5
v 0.2 6.4 -0.5
v 0.2 6.5 -0.5
v 0.2 6.6 -0.5
v 0.3 5 -0.5
v 0.3 5.1 -0.5
v 0.3 5.3 -0.5
v 0.3 5.4 -0.5
v 0.3 6.4 -0.5
v 0.3 6.5 -0.5
v 0.4 5.1 -0.5
v 0.4 5.3 -0.5
v 0.7 6.4 -0.5
v 0.7 6.5 -0.5
v 0.8 6.3 -0.5
v 0.8 6.4 -0.5
v 0.8 6.5 -0.5
v 0.8 6.6 -0.5
v 1 6.3 -0.5
v 1 6.4 -0.5
v 1 6.5 -0.5
v 1 6.6 -0.5
v 1.1 6.4 -0.5
v 1.1 6.5 -0.5
v -0.7 3.8 0.3
v -0.5 3.8 0.3
v 0.5 3.8 0.3
v 0.7 3.8 0.3
v -0.7 3.8 -0.3
v -0.5 3.8 -0.3
v 0.5 3.8 -0.3
v 0.7 3.8 -0.3
v -0.5 3.9 0.3
v -0.3 3.9 0.3
v 0.3 3.9 0.3
v 0.5 3.9 0.3
v -0.5 3.9 -0.3
v -0.3 3.9 -0.3
v 0.3 3.9 -0.3
v 0.5 3.9 -0.3
v -0.3 4 0.3
v 0.3 4 0.3
v -0.3 4 -0.3
v 0.3 4 -0.3
v -0.8 4.4 0.3
v -0.7 4.4 0.3
v 0.7 4.4 0.3
v 0.8 4.4 0.3
v -0.8 4.4 0.2
v -0.7 4.4 0.2
v 0.7 4.4 0.2
v 0.8 4.4 0.2
v -0.8 4.4 -0.2
v -0.7 4.4 -0.2
v 0.7 4.4 -0.2
v 0.8 4.4 -0.2
v -0.8 4.4 -0.3
v -0.7 4.4 -0.3
v 0.7 4.4 -0.3
v 0.8 4.4 -0.3
v -0.0999999 4.7 0.4
v 0.1 4.7 0.4
v -0.0999999 4.7 0.3
v 0.1 4.7 0.3
v -0.0999999 4.7 -0.3
v 0.1 4.7 -0.3
v -0.0999999 4.7 -0.4
v 0.1 4.7 -0.4
v -0.0999999 4.8 0.5
v 0.1 4.8 0.5
v -0.2 4.8 0.4
v -0.0999999 4.8 0.4
v 0.1 4.8 0.4
v 0.2 4.8 0.4
v -0.2 4.8 0.3
v -0.0999999 4.8 0.3
v 0.1 4.8 0.3
v 0.2 4.8 0.3
v -0.2 4.8 -0.3
v -0.0999999 4.8 -0.3
v 0.1 4.8 -0.3
v 0.2 4.8 -0.3
v -0.2 4.8 -0.4
v -0.0999999 4.8 -0.4
v 0.1 4.8 -0.4
v 0.2 4.8 -0.4
v -0.0999999 4.8 -0.5
v 0.1 4.8 -0.5
v -0.2 4.9 0.5
v -0.0999999 4.9 0.5
v 0.1 4.9 0.5
v 0.2 4.9 0.5
v -0.3 4.9 0.4
v -0.2 4.9 0.4
v -0.0999999 4.9 0.4
v 0.1 4.9 0.4
v 0.2 4.9 0.4
v 0.3 4.9 0.4
v -0.3 4.9 0.3
v -0.2 4.9 0.3
v 0.2 4.9 0.3
v 0.3 4.9 0.3
v -0.3 4.9 -0.3
v -0.2 4.9 -0.3
v 0.2 4.9 -0.3
v 0.3 4.9 -0.3
v -0.3 4.9 -0.4
v -0.2 4.9 -0.4
v -0.0999999 4.9 -0.4
v 0.1 4.9 -0.4
v 0.2 4.9 -0.4
v 0.3 4.9 -0.4
v -0.2 4.9 -0.5
v -0.0999999 4.9 -0.5
v 0.1 4.9 -0.5
v 0.2 4.9 -0.5
v -0.3 5 0.5
v -0.2 5 0.5
v 0.2 5 0.5
v 0.3 5 0.5
v -0.4 5 0.4
v -0.3 5 0.4
v -0.2 5 0.4
v 0.2 5 0.4
v 0.3 5 0.4
v 0.4 5 0.4
v -0.4 5 0.3
v -0.3 5 0.3
v 0.3 5 0.3
v 0.4 5 0.3
v -0.4 5 -0.3
v -0.3 5 -0.3
v 0.3 5 -0.3
v 0.4 5 -0.3
v -0.4 5 -0.4
v -0.3 5 -0.4
v -0.2 5 -0.4
v 0.2 5 -0.4
v 0.3 5 -0.4
v 0.4 5 -0.4
v -0.3 5 -0.5
v -0.2 5 -0.5
v 0.2 5 -0.5
v 0.3 5 -0.5
v -0.4 5.1 0.5
v -0.3 5.1 0.5
v 0.3 5.1 0.5
v 0.4 5.1 0.5
v -0.5 5.1 0.4
v -0.4 5.1 0.4
v -0.3 5.1 0.4
v 0.3 5.1 0.4
v 0.4 5.1 0.4
v 0.5 5.1 0.4
v -0.5 5.1 0.3
v -0.4 5.1 0.3
v 0.4 5.1 0.3
v 0.5 5.1 0.3
v -0.5 5.1 -0.3
v -0.4 5.1 -0.3
v 0.4 5.1 -0.3
v 0.5 5.1 -0.3
v -0.5 5.1 -0.4
v -0.4 5.1 -0.4
v -0.3 5.1 -0.4
v 0.3 5.1 -0.4
v 0.4 5.1 -0.4
v 0.5 5.1 -0.4
v -0.4 5.1 -0.5
v -0.3 5.1 -0.5
v 0.3 5.1 -0.5
v 0.4 5.1 -0.5
v -0.9 5.5 0.3
v -0.8 5.5 0.3
v 0.8 5.5 0.3
v 0.9 5.5 0.3
v -0.9 5.5 0.2
v -0.8 5.5 0.2
v 0.8 5.5 0.2
v 0.9 5.5 0.2
v -0.9 5.5 -0.2
v -0.8 5.5 -0.2
v 0.8 5.5 -0.2
v 0.9 5.5 -0.2
v -0.9 5.5 -0.3
v -0.8 5.5 -0.3
v 0.8 5.5 -0.3
v 0.9 5.5 -0.3
v -1.1 6.1 0.4
v 1.1 6.1 0.4
v -1.2 6.1 0.3
v -1.1 6.1 0.3
v -0.9 6.1 0.3
v 0.9 6.1 0.3
v 1.1 6.1 0.3
v 1.2 6.1 0.3
v -1.3 6.1 0.2
v -1.2 6.1 0.2
v -0.9 6.1 0.2
v 0.9 6.1 0.2
v 1.2 6.1 0.2
v 1.3 6.1 0.2
v -1.3 6.1 -0.2
v -1.2 6.1 -0.2
v -0.9 6.1 -0.2
v 0.9 6.1 -0.2
v 1.2 6.1 -0.2
v 1.3 6.1 -0.2
v -1.2 6.1 -0.3
v -1.1 6.1 -0.3
v -0.9 6.1 -0.3
v 0.9 6.1 -0.3
v 1.1 6.1 -0.3
v 1.2 6.1 -0.3
v -1.1 6.1 -0.4
v 1.1 6.1 -0.4
v -0.0999999 6.2 0.5
v 0.1 6.2 0.5
v -1.2 6.2 0.4
v -1.1 6.2 0.4
v -0.0999999 6.2 0.4
v 0.1 6.2 0.4
v 1.1 6.2 0.4
v 1.2 6.2 0.4
v -1.3 6.2 0.3
v -1.2 6.2 0.3
v -1.1 6.2 0.3
v 1.1 6.2 0.3
v 1.2 6.2 0.3
v 1.3 6.2 0.3
v -1.3 6.2 0.2
v -1.2 6.2 0.2
v 1.2 6.2 0.2
v 1.3 6.2 0.2
v -1.3 6.2 -0.2
v -1.2 6.2 -0.2
v 1.2 6.2 -0.2
v 1.3 6.2 -0.2
v -1.3 6.2 -0.3
v -1.2 6.2 -0.3
v -1.1 6.2 -0.3
v 1.1 6.2 -0.3
v 1.2 6.2 -0.3
v 1.3 6.2 -0.3
v -1.2 6.2 -0.4
v -1.1 6.2 -0.4
v -0.0999999 6.2 -0.4
v 0.1 6.2 -0.4
v 1.1 6.2 -0.4
v 1.2 6.2 -0.4
v -0.0999999 6.2 -0.5
v 0.1 6.2 -0.5
v -1 6.3 0.5
v -0.8 6.3 0.5
v -0.2 6.3 0.5
v -0.0999999 6.3 0.5
v 0.1 6.3 0.5
v 0.2 6.3 0.5
v 0.8 6.3 0.5
v 1 6.3 0.5
v -1.3 6.3 0.4
v -1.2 6.3 0.4
v -1 6.3 0.4
v -0.8 6.3 0.4
v -0.2 6.3 0.4
v -0.0999999 6.3 0.4
v 0.1 6.3 0.4
v 0.2 6.3 0.4
v 0.8 6.3 0.4
v 1 6.3 0.4
v 1.2 6.3 0.4
v 1.3 6.3 0.4
v -1.3 6.3 0.3
v -1.2 6.3 0.3
v 1.2 6.3 0.3
v 1.3 6.3 0.3
v -1.3 6.3 -0.3
v -1.2 6.3 -0.3
v 1.2 6.3 -0.3
v 1.3 6.3 -0.3
v -1.3 6.3 -0.4
v -1.2 6.3 -0.4
v -1 6.3 -0.4
v -0.8 6.3 -0.4
v -0.2 6.3 -0.4
v -0.0999999 6.3 -0.4
v 0.1 6.3 -0.4
v 0.2 6.3 -0.4
v 0.8 6.3 -0.4
v 1 6.3 -0.4
v 1.2 6.3 -0.4
v 1.3 6.3 -0.4
v -1 6.3 -0.5
v -0.8 6.3 -0.5
v -0.2 6.3 -0.5
v -0.0999999 6.3 -0.5
v 0.1 6.3 -0.5
v 0.2 6.3 -0.5
v 0.8 6.3 -0.5
v 1 6.3 -0.5
v -1.1 6.4 0.5
v -1 6.4 0.5
v -0.8 6.4 0.5
v -0.7 6.4 0.5
v -0.3 6.4 0.5
v -0.2 6.4 0.5
v 0.2 6.4 0.5
v 0.3 6.4 0.5
v 0.7 6.4 0.5
v 0.8 6.4 0.5
v 1 6.4 0.5
v 1.1 6.4 0.5
v -1.1 6.4 0.4
v -1 6.4 0.4
v -0.8 6.4 0.4
v -0.7 6.4 0.4
v -0.3 6.4 0.4
v -0.2 6.4 0.4
v 0.2 6.4 0.4
v 0.3 6.4 0.4
v 0.7 6.4 0.4
v 0.8 6.4 0.4
v 1 6.4 0.4
v 1.1 6.4 0.4
v -1.1 6.4 -0.4
v -1 6.4 -0.4
v -0.8 6.4 -0.4
v -0.7 6.4 -0.4
v -0.3 6.4 -0.4
v -0.2 6.4 -0.4
v 0.2 6.4 -0.4
v 0.3 6.4 -0.4
v 0.7 6.4 -0.4
v 0.8 6.4 -0.4
v 1 6.4 -0.4
v 1.1 6.4 -0.4
v -1.1 6.4 -0.5
v -1 6.4 -0.5
v -0.8 6.4 -0.5
v -0.7 6.4 -0.5
v -0.3 6.4 -0.5
v -0.2 6.4 -0.5
v 0.2 6.4 -0.5
v 0.3 6.4 -0.5
v 0.7 6.4 -0.5
v 0.8 6.4 -0.5
v 1 6.4 -0.5
v 1.1 6.4 -0.5
v -1.2 7.2 0.2
v -1.1 7.2 0.2
v 1.1 7.2 0.2
v 1.2 7.2 0.2
v -1.2 7.2 -0.2
v -1.1 7.2 -0.2
v 1.1 7.2 -0.2
v 1.2 7.2 -0.2
v -1.3 7.8 0.2
v -1.2 7.8 0.2
v 1.2 7.8 0.2
v 1.3 7.8 0.2
v -1.3 7.8 -0.2
v -1.2 7.8 -0.2
v 1.2 7.8 -0.2
v 1.3 7.8 -0.2
v -1.4 8.5 0.2
v -1.3 8.5 0.2
v 1.3 8.5 0.2
v 1.4 8.5 0.2
v -1.4 8.5 -0.2
v -1.3 8.5 -0.2
v 1.3 8.5 -0.2
v 1.4 8.5 -0.2
v -1.5 9.2 0.2
v -1.4 9.2 0.2
v 1.4 9.2 0.2
v 1.5 9.2 0.2
v -1.5 9.2 -0.2
v -1.4 9.2 -0.2
v 1.4 9.2 -0.2
v 1.5 9.2 -0.2
v -1.6 9.8 0.2
v -1.5 9.8 0.2
v 1.5 9.8 0.2
v 1.6 9.8 0.2
v -1.6 9.8 -0.2
v -1.5 9.8 -0.2
v 1.5 9.8 -0.2
v 1.6 9.8 -0.2
v -1.7 10.5 0.2
v -1.6 10.5 0.2
v 1.6 10.5 0.2
v 1.7 10.5 0.2
v -1.7 10.5 -0.2
v -1.6 10.5 -0.2
v 1.6 10.5 -0.2
v 1.7 10.5 -0.2
v -1.8 11.1 0.2
v -1.7 11.1 0.2
v 1.7 11.1 0.2
v 1.8 11.1 0.2
v -1.8 11.1 -0.2
v -1.7 11.1 -0.2
v 1.7 11.1 -0.2
v 1.8 11.1 -0.2
v -1.9 11.8 0.2
v -1.8 11.8 0.2
v 1.8 11.8 0.2
v 1.9 11.8 0.2
v -1.9 11.8 -0.2
v -1.8 11.8 -0.2
v 1.8 11.8 -0.2
v 1.9 11.8 -0.2
v -2 12.5 0.2
v -1.9 12.5 0.2
v 1.9 12.5 0.2
v 2 12.5 0.2
v -2 12.5 -0.2
v -1.9 12.5 -0.2
v 1.9 12.5 -0.2
v 2 12.5 -0.2
v -2.1 13.2 0.2
v -2 13.2 0.2
v 2 13.2 0.2
v 2.1 13.2 0.2
v -2.1 13.2 -0.2
v -2 13.2 -0.2
v 2 13.2 -0.2
v 2.1 13.2 -0.2
v -2.2 13.8 0.2
v -2.1 13.8 0.2
v 2.1 13.8 0.2
v 2.2 13.8 0.2
v -2.2 13.8 -0.2
v -2.1 13.8 -0.2
v 2.1 13.8 -0.2
v 2.2 13.8 -0.2
v -2.3 14.4 0.2
v -2.2 14.4 0.2
v 2.2 14.4 0.2
v 2.3 14.4 0.2
v -2.3 14.4 -0.2
v -2.2 14.4 -0.2
v 2.2 14.4 -0.2
v 2.3 14.4 -0.2
v -2.4 15.2 0.2
v -2.3 15.2 0.2
v 2.3 15.2 0.2
v 2.4 15.2 0.2
v -2.4 15.2 -0.2
v -2.3 15.2 -0.2
v 2.3 15.2 -0.2
v 2.4 15.2 -0.2
v -2.5 15.8 0.2
v -2.4 15.8 0.2
v 2.4 15.8 0.2
v 2.5 15.8 0.2
v -2.5 15.8 -0.2
v -2.4 15.8 -0.2
v 2.4 15.8 -0.2
v 2.5 15.8 -0.2
v -0.7 3.9 0.2
v -0.5 3.9 0.2
v 0.5 3.9 0.2
v 0.7 3.9 0.2
v -0.7 3.9 -0.2
v -0.5 3.9 -0.2
v 0.5 3.9 -0.2
v 0.7 3.9 -0.2
v -0.5 4 0.2
v -0.3 4 0.2
v 0.3 4 0.2
v 0.5 4 0.2
v -0.5 4 -0.2
v -0.3 4 -0.2
v 0.3 4 -0.2
v 0.5 4 -0.2
v -0.3 4.1 0.2
v 0.3 4.1 0.2
v -0.3 4.1 -0.2
v 0.3 4.1 -0.2
v -0.4 5.3 0.5
v -0.3 5.3 0.5
v 0.3 5.3 0.5
v 0.4 5.3 0.5
v -0.5 5.3 0.4
v -0.4 5.3 0.4
v -0.3 5.3 0.4
v 0.3 5.3 0.4
v 0.4 5.3 0.4
v 0.5 5.3 0.4
v -0.5 5.3 0.3
v -0.4 5.3 0.3
v 0.4 5.3 0.3
v 0.5 5.3 0.3
v -0.5 5.3 -0.3
v -0.4 5.3 -0.3
v 0.4 5.3 -0.3
v 0.5 5.3 -0.3
v -0.5 5.3 -0.4
v -0.4 5.3 -0.4
v -0.3 5.3 -0.4
v 0.3 5.3 -0.4
v 0.4 5.3 -0.4
v 0.5 5.3 -0.4
v -0.4 5.3 -0.5
v -0.3 5.3 -0.5
v 0.3 5.3 -0.5
v 0.4 5.3 -0.5
v -0.3 5.4 0.5
v -0.2 5.4 0.5
v 0.2 5.4 0.5
v 0.3 5.4 0.5
v -0.4 5.4 0.4
v -0.3 5.4 0.4
v -0.2 5.4 0.4
v 0.2 5.4 0.4
v 0.3 5.4 0.4
v 0.4 5.4 0.4
v -0.4 5.4 0.3
v -0.3 5.4 0.3
v 0.3 5.4 0.3
v 0.4 5.4 0.3
v -0.4 5.4 -0.3
v -0.3 5.4 -0.3
v 0.3 5.4 -0.3
v 0.4 5.4 -0.3
v -0.4 5.4 -0.4
v -0.3 5.4 -0.4
v -0.2 5.4 -0.4
v 0.2 5.4 -0.4
v 0.3 5.4 -0.4
v 0.4 5.4 -0.4
v -0.3 5.4 -0.5
v -0.2 5.4 -0.5
v 0.2 5.4 -0.5
v 0.3 5.4 -0.5
v -0.2 5.5 0.5
v -0.0999999 5.5 0.5
v 0.1 5.5 0.5
v 0.2 5.5 0.5
v -0.3 5.5 0.4
v -0.2 5.5 0.4
v -0.0999999 5.5 0.4
v 0.1 5.5 0.4
v 0.2 5.5 0.4
v 0.3 5.5 0.4
v -0.3 5.5 0.3
v -0.2 5.5 0.3
v 0.2 5.5 0.3
v 0.3 5.5 0.3
v -0.3 5.5 -0.3
v -0.2 5.5 -0.3
v 0.2 5.5 -0.3
v 0.3 5.5 -0.3
v -0.3 5.5 -0.4
v -0.2 5.5 -0.4
v -0.0999999 5.5 -0.4
v 0.1 5.5 -0.4
v 0.2 5.5 -0.4
v 0.3 5.5 -0.4
v -0.2 5.5 -0.5
v -0.0999999 5.5 -0.5
v 0.1 5.5 -0.5
v 0.2 5.5 -0.5
v -0.0999999 5.6 0.5
v 0.1 5.6 0.5
v -0.2 5.6 0.4
v -0.0999999 5.6 0.4
v 0.1 5.6 0.4
v 0.2 5.6 0.4
v -0.2 5.6 0.3
v -0.0999999 5.6 0.3
v 0.1 5.6 0.3
v 0.2 5.6 0.3
v -0.2 5.6 -0.3
v -0.0999999 5.6 -0.3
v 0.1 5.6 -0.3
v 0.2 5.6 -0.3
v -0.2 5.6 -0.4
v -0.0999999 5.6 -0.4
v 0.1 5.6 -0.4
v 0.2 5.6 -0.4
v -0.0999999 5.6 -0.5
v 0.1 5.6 -0.5
v -0.0999999 5.7 0.4
v 0.1 5.7 0.4
v -0.0999999 5.7 0.3
v 0.1 5.7 0.3
v -0.0999999 5.7 -0.3
v 0.1 5.7 -0.3
v -0.0999999 5.7 -0.4
v 0.1 5.7 -0.4
v -1.1 6.5 0.5
v -1 6.5 0.5
v -0.8 6.5 0.5
v -0.7 6.5 0.5
v -0.3 6.5 0.5
v -0.2 6.5 0.5
v 0.2 6.5 0.5
v 0.3 6.5 0.5
v 0.7 6.5 0.5
v 0.8 6.5 0.5
v 1 6.5 0.5
v 1.1 6.5 0.5
v -1.1 6.5 0.4
v -1 6.5 0.4
v -0.8 6.5 0.4
v -0.7 6.5 0.4
v -0.3 6.5 0.4
v -0.2 6.5 0.4
v 0.2 6.5 0.4
v 0.3 6.5 0.4
v 0.7 6.5 0.4
v 0.8 6.5 0.4
v 1 6.5 0.4
v 1.1 6.5 0.4
v -1.1 6.5 -0.4
v -1 6.5 -0.4
v -0.8 6.5 -0.4
v -0.7 6.5 -0.4
v -0.3 6.5 -0.4
v -0.2 6.5 -0.4
v 0.2 6.5 -0.4
v 0.3 6.5 -0.4
v 0.7 6.5 -0.4
v 0.8 6.5 -0.4
v 1 6.5 -0.4
v 1.1 6.5 -0.4
v -1.1 6.5 -0.5
v -1 6.5 -0.5
v -0.8 6.5 -0.5
v -0.7 6.5 -0.5
v -0.3 6.5 -0.5
v -0.2 6.5 -0.5
v 0.2 6.5 -0.5
v 0.3 6.5 -0.5
v 0.7 6.5 -0.5
v 0.8 6.5 -0.5
v 1 6.5 -0.5
v 1.1 6.5 -0.5
v -1 6.6 0.5
v -0.8 6.6 0.5
v -0.2 6.6 0.5
v -0.0999999 6.6 0.5
v 0.1 6.6 0.5
v 0.2 6.6 0.5
v 0.8 6.6 0.5
v 1 6.6 0.5
v -1.3 6.6 0.4
v -1.2 6.6 0.4
v -1 6.6 0.4
v -0.8 6.6 0.4
v -0.2 6.6 0.4
v -0.0999999 6.6 0.4
v 0.1 6.6 0.4
v 0.2 6.6 0.4
v 0.8 6.6 0.4
v 1 6.6 0.4
v 1.2 6.6 0.4
v 1.3 6.6 0.4
v -1.3 6.6 0.3
v -1.2 6.6 0.3
v 1.2 6.6 0.3
v 1.3 6.6 0.3
v -1.3 6.6 -0.3
v -1.2 6.6 -0.3
v 1.2 6.6 -0.3
v 1.3 6.6 -0.3
v -1.3 6.6 -0.4
v -1.2 6.6 -0.4
v -1 6.6 -0.4
v -0.8 6.6 -0.4
v -0.2 6.6 -0.4
v -0.0999999 6.6 -0.4
v 0.1 6.6 -0.4
v 0.2 6.6 -0.4
v 0.8 6.6 -0.4
v 1 6.6 -0.4
v 1.2 6.6 -0.4
v 1.3 6.6 -0.4
v -1 6.6 -0.5
v -0.8 6.6 -0.5
v -0.2 6.6 -0.5
v -0.0999999 6.6 -0.5
v 0.1 6.6 -0.5
v 0.2 6.6 -0.5
v 0.8 6.6 -0.5
v 1 6.6 -0.5
v -0.0999999 6.7 0.5
v 0.1 6.7 0.5
v -1.2 6.7 0.4
v -1.1 6.7 0.4
v -0.0999999 6.7 0.4
v 0.1 6.7 0.4
v 1.1 6.7 0.4
v 1.2 6.7 0.4
v -1.3 6.7 0.3
v -1.2 6.7 0.3
v -1.1 6.7 0.3
v 1.1 6.7 0.3
v 1.2 6.7 0.3
v 1.3 6.7 0.3
v -1.3 6.7 0.2
v -1.2 6.7 0.2
v 1.2 6.7 0.2
v 1.3 6.7 0.2
v -1.3 6.7 -0.2
v -1.2 6.7 -0.2
v 1.2 6.7 -0.2
v 1.3 6.7 -0.2
v -1.3 6.7 -0.3
v -1.2 6.7 -0.3
v -1.1 6.7 -0.3
v 1.1 6.7 -0.3
v 1.2 6.7 -0.3
v 1.3 6.7 -0.3
v -1.2 6.7 -0.4
v -1.1 6.7 -0.4
v -0.0999999 6.7 -0.4
v 0.1 6.7 -0.4
v 1.1 6.7 -0.4
v 1.2 6.7 -0.4
v -0.0999999 6.7 -0.5
v 0.1 6.7 -0.5
v -1.1 6.8 0.4
v -0.6 6.8 0.4
v 0.6 6.8 0.4
v 1.1 6.8 0.4
v -1.2 6.8 0.3
v -1.1 6.8 0.3
v -0.9 6.8 0.3
v -0.6 6.8 0.3
v 0.6 6.8 0.3
v 0.9 6.8 0.3
v 1.1 6.8 0.3
v 1.2 6.8 0.3
v -1.3 6.8 0.2
v -1.2 6.8 0.2
v -1.1 6.8 0.2
v -0.9 6.8 0.2
v 0.9 6.8 0.2
v 1.1 6.8 0.2
v 1.2 6.8 0.2
v 1.3 6.8 0.2
v -1.3 6.8 -0.2
v -1.2 6.8 -0.2
v -1.1 6.8 -0.2
v -0.9 6.8 -0.2
v 0.9 6.8 -0.2
v 1.1 6.8 -0.2
v 1.2 6.8 -0.2
v 1.3 6.8 -0.2
v -1.2 6.8 -0.3
v -1.1 6.8 -0.3
v -0.9 6.8 -0.3
v -0.6 6.8 -0.3
v 0.6 6.8 -0.3
v 0.9 6.8 -0.3
v 1.1 6.8 -0.3
v 1.2 6.8 -0.3
v -1.1 6.8 -0.4
v -0.6 6.8 -0.4
v 0.6 6.8 -0.4
v 1.1 6.8 -0.4
v -0.9 7.1 0.3
v -0.8 7.1 0.3
v 0.8 7.1 0.3
v 0.9 7.1 0.3
v -0.9 7.1 0.2
v -0.8 7.1 0.2
v 0.8 7.1 0.2
v 0.9 7.1 0.2
v -0.9 7.1 -0.2
v -0.8 7.1 -0.2
v 0.8 7.1 -0.2
v 0.9 7.1 -0.2
v -0.9 7.1 -0.3
v -0.8 7.1 -0.3
v 0.8 7.1 -0.3
v 0.9 7.1 -0.3
v -0.6 7.2 0.4
v -0.5 7.2 0.4
v 0.5 7.2 0.4
v 0.6 7.2 0.4
v -0.6 7.2 0.3
v -0.5 7.2 0.3
v 0.5 7.2 0.3
v 0.6 7.2 0.3
v -0.6 7.2 -0.3
v -0.5 7.2 -0.3
v 0.5 7.2 -0.3
v 0.6 7.2 -0.3
v -0.6 7.2 -0.4
v -0.5 7.2 -0.4
v 0.5 7.2 -0.4
v 0.6 7.2 -0.4
v -0.8 7.6 0.3
v -0.7 7.6 0.3
v 0.7 7.6 0.3
v 0.8 7.6 0.3
v -0.8 7.6 0.2
v -0.7 7.6 0.2
v 0.7 7.6 0.2
v 0.8 7.6 0.2
v -0.8 7.6 -0.2
v -0.7 7.6 -0.2
v 0.7 7.6 -0.2
v 0.8 7.6 -0.2
v -0.8 7.6 -0.3
v -0.7 7.6 -0.3
v 0.7 7.6 -0.3
v 0.8 7.6 -0.3
v 0.4 7.7 0.4
v 0.5 7.7 0.4
v 0.4 7.7 0.3
v 0.5 7.7 0.3
v 0.4 7.7 -0.3
v 0.5 7.7 -0.3
v 0.4 7.7 -0.4
v 0.5 7.7 -0.4
v -0.5 7.8 0.4
v -0.4 7.8 0.4
v -0.5 7.8 0.3
v -0.4 7.8 0.3
v -0.5 7.8 -0.3
v -0.4 7.8 -0.3
v -0.5 7.8 -0.4
v -0.4 7.8 -0.4
v -0.7 8.1 0.3
v -0.6 8.1 0.3
v 0.6 8.1 0.3
v 0.7 8.1 0.3
v -0.7 8.1 0.2
v -0.6 8.1 0.2
v 0.6 8.1 0.2
v 0.7 8.1 0.2
v -0.7 8.1 -0.2
v -0.6 8.1 -0.2
v 0.6 8.1 -0.2
v 0.7 8.1 -0.2
v -0.7 8.1 -0.3
v -0.6 8.1 -0.3
v 0.6 8.1 -0.3
v 0.7 8.1 -0.3
v -0.4 8.3 0.4
v -0.3 8.3 0.4
v 0.3 8.3 0.4
v 0.4 8.3 0.4
v -0.4 8.3 0.3
v -0.3 8.3 0.3
v 0.3 8.3 0.3
v 0.4 8.3 0.3
v -0.4 8.3 -0.3
v -0.3 8.3 -0.3
v 0.3 8.3 -0.3
v 0.4 8.3 -0.3
v -0.4 8.3 -0.4
v -0.3 8.3 -0.4
v 0.3 8.3 -0.4
v 0.4 8.3 -0.4
v -0.6 8.6 0.3
v -0.5 8.6 0.3
v 0.5 8.6 0.3
v 0.6 8.6 0.3
v -0.6 8.6 0.2
v -0.5 8.6 0.2
v 0.5 8.6 0.2
v 0.6 8.6 0.2
v -0.6 8.6 -0.2
v -0.5 8.6 -0.2
v 0.5 8.6 -0.2
v 0.6 8.6 -0.2
v -0.6 8.6 -0.3
v -0.5 8.6 -0.3
v 0.5 8.6 -0.3
v 0.6 8.6 -0.3
v -0.3 8.8 0.4
v -0.2 8.8 0.4
v 0.2 8.8 0.4
v 0.3 8.8 0.4
v -0.3 8.8 0.3
v -0.2 8.8 0.3
v 0.2 8.8 0.3
v 0.3 8.8 0.3
v -0.3 8.8 -0.3
v -0.2 8.8 -0.3
v 0.2 8.8 -0.3
v 0.3 8.8 -0.3
v -0.3 8.8 -0.4
v -0.2 8.8 -0.4
v 0.2 8.8 -0.4
v 0.3 8.8 -0.4
v -0.5 9 0.3
v -0.4 9 0.3
v 0.4 9 0.3
v 0.5 9 0.3
v -0.5 9 0.2
v -0.4 9 0.2
v 0.4 9 0.2
v 0.5 9 0.2
v -0.5 9 -0.2
v -0.4 9 -0.2
v 0.4 9 -0.2
v 0.5 9 -0.2
v -0.5 9 -0.3
v -0.4 9 -0.3
v 0.4 9 -0.3
v 0.5 9 -0.3
v -0.2 9.3 0.4
v -0.0999999 9.3 0.4
v 0.1 9.3 0.4
v 0.2 9.3 0.4
v -0.2 9.3 0.3
v -0.0999999 9.3 0.3
v 0.1 9.3 0.3
v 0.2 9.3 0.3
v -0.2 9.3 -0.3
v -0.0999999 9.3 -0.3
v 0.1 9.3 -0.3
v 0.2 9.3 -0.3
v -0.2 9.3 -0.4
v -0.0999999 9.3 -0.4
v 0.1 9.3 -0.4
v 0.2 9.3 -0.4
v -0.4 9.5 0.3
v -0.3 9.5 0.3
v 0.3 9.5 0.3
v 0.4 9.5 0.3
v -0.4 9.5 0.2
v -0.3 9.5 0.2
v 0.3 9.5 0.2
v 0.4 9.5 0.2
v -0.4 9.5 -0.2
v -0.3 9.5 -0.2
v 0.3 9.5 -0.2
v 0.4 9.5 -0.2
v -0.4 9.5 -0.3
v -0.3 9.5 -0.3
v 0.3 9.5 -0.3
v 0.4 9.5 -0.3
v -0.0999999 9.9 0.4
v 0.1 9.9 0.4
v -0.3 9.9 0.3
v -0.2 9.9 0.3
v -0.0999999 9.9 0.3
v 0.1 9.9 0.3
v 0.2 9.9 0.3
v 0.3 9.9 0.3
v -0.3 9.9 0.2
v -0.2 9.9 0.2
v 0.2 9.9 0.2
v 0.3 9.9 0.2
v -0.3 9.9 -0.2
v -0.2 9.9 -0.2
v 0.2 9.9 -0.2
v 0.3 9.9 -0.2
v -0.3 9.9 -0.3
v -0.2 9.9 -0.3
v -0.0999999 9.9 -0.3
v 0.1 9.9 -0.3
v 0.2 9.9 -0.3
v 0.3 9.9 -0.3
v -0.0999999 9.9 -0.4
v 0.1 9.9 -0.4
v -0.2 10.1 0.3
v -0.0999999 10.1 0.3
v 0.1 10.1 0.3
v 0.2 10.1 0.3
v -0.2 10.1 0.2
v -0.0999999 10.1 0.2
v 0.1 10.1 0.2
v 0.2 10.1 0.2
v -0.2 10.1 -0.2
v -0.0999999 10.1 -0.2
v 0.1 10.1 -0.2
v 0.2 10.1 -0.2
v -0.2 10.1 -0.3
v -0.0999999 10.1 -0.3
v 0.1 10.1 -0.3
v 0.2 10.1 -0.3
v -0.0999999 10.2 0.3
v 0.1 10.2 0.3
v -0.0999999 10.2 0.2
v 0.1 10.2 0.2
v -0.0999999 10.2 -0.2
v 0.1 10.2 -0.2
v -0.0999999 10.2 -0.3
v 0.1 10.2 -0.3
v -2.5 16.9 0.2
v -2.4 16.9 0.2
v 2.4 16.9 0.2
v 2.5 16.9 0.2
v -2.5 16.9 -0.2
v -2.4 16.9 -0.2
v 2.4 16.9 -0.2
v 2.5 16.9 -0.2
v -2.4 17.1 0.2
v -2.3 17.1 0.2
v 2.3 17.1 0.2
v 2.4 17.1 0.2
v -2.4 17.1 -0.2
v -2.3 17.1 -0.2
v 2.3 17.1 -0.2
v 2.4 17.1 -0.2
v -2.3 17.2 0.2
v -2.2 17.2 0.2
v 2.2 17.2 0.2
v 2.3 17.2 0.2
v -2.3 17.2 -0.2
v -2.2 17.2 -0.2
v 2.2 17.2 -0.2
v 2.3 17.2 -0.2
v -2.2 17.3 0.2
v -2.1 17.3 0.2
v 2.1 17.3 0.2
v 2.2 17.3 0.2
v -2.2 17.3 -0.2
v -2.1 17.3 -0.2
v 2.1 17.3 -0.2
v 2.2 17.3 -0.2
v -2.1 17.4 0.2
v -1.9 17.4 0.2
v 1.9 17.4 0.2
v 2.1 17.4 0.2
v -2.1 17.4 -0.2
v -1.9 17.4 -0.2
v 1.9 17.4 -0.2
v 2.1 17.4 -0.2
v -1.9 17.5 0.2
v -1.7 17.5 0.2
v 1.7 17.5 0.2
v 1.9 17.5 0.2
v -1.9 17.5 -0.2
v -1.7 17.5 -0.2
v 1.7 17.5 -0.2
v 1.9 17.5 -0.2
v -1.7 17.6 0.2
v -1.4 17.6 0.2
v 1.4 17.6 0.2
v 1.7 17.6 0.2
v -1.7 17.6 -0.2
v -1.4 17.6 -0.2
v 1.4 17.6 -0.2
v 1.7 17.6 -0.2
v -1.4 17.7 0.2
v -0.9 17.7 0.2
v 0.9 17.7 0.2
v 1.4 17.7 0.2
v -1.4 17.7 -0.2
v -0.9 17.7 -0.2
v 0.9 17.7 -0.2
v 1.4 17.7 -0.2
v -0.9 17.8 0.2
v 0.9 17.8 0.2
v -0.9 17.8 -0.2
v 0.9 17.8 -0.2

# faces
f 3/1/1 2/1/1 1/1/1
f 4/1/1 2/1/1 3/1/1
f 7/1/1 6/1/1 5/1/1
f 8/1/1 6/1/1 7/1/1
f 11/1/1 10/1/1 9/1/1
f 12/1/1 10/1/1 11/1/1
f 15/1/1 14/1/1 13/1/1
f 16/1/1 14/1/1 15/1/1
f 19/1/1 18/1/1 17/1/1
f 20/1/1 18/1/1 19/1/1
f 23/1/1 22/1/1 21/1/1
f 24/1/1 22/1/1 23/1/1
f 27/1/1 26/1/1 25/1/1
f 28/1/1 26/1/1 27/1/1
f 31/1/1 30/1/1 29/1/1
f 32/1/1 30/1/1 31/1/1
f 35/1/1 34/1/1 33/1/1
f 36/1/1 34/1/1 35/1/1
f 39/1/1 38/1/1 37/1/1
f 40/1/1 38/1/1 39/1/1
f 43/1/1 42/1/1 41/1/1
f 44/1/1 42/1/1 43/1/1
f 47/1/1 46/1/1 45/1/1
f 48/1/1 46/1/1 47/1/1
f 51/1/1 50/1/1 49/1/1
f 52/1/1 50/1/1 51/1/1
f 55/1/1 54/1/1 53/1/1
f 56/1/1 54/1/1 55/1/1
f 59/1/1 58/1/1 57/1/1
f 60/1/1 58/1/1 59/1/1
f 63/1/1 62/1/1 61/1/1
f 64/1/1 62/1/1 63/1/1
f 67/1/1 66/1/1 65/1/1
f 68/1/1 66/1/1 67/1/1
f 71/1/1 70/1/1 69/1/1
f 72/1/1 70/1/1 71/1/1
f 75/1/1 74/1/1 73/1/1
f 76/1/1 74/1/1 75/1/1
f 80/2/1 78/2/1 77/2/1
f 81/2/1 78/2/1 80/2/1
f 84/2/1 80/2/1 79/2/1
f 84/2/1 82/2/1 81/2/1
f 84/2/1 81/2/1 80/2/1
f 85/2/1 82/2/1 84/2/1
f 87/2/1 84/2/1 83/2/1
f 87/2/1 86/2/1 85/2/1
f 87/2/1 85/2/1 84/2/1
f 88/2/1 86/2/1 87/2/1
f 89/2/1 86/2/1 88/2/1
f 90/2/1 86/2/1 89/2/1
f 91/2/1 89/2/1 88/2/1
f 92/2/1 89/2/1 91/2/1
f 93/2/1 89/2/1 92/2/1
f 94/2/1 89/2/1 93/2/1
f 95/2/1 93/2/1 92/2/1
f 96/2/1 93/2/1 95/2/1
f 99/1/1 98/1/1 97/1/1
f 100/1/1 98/1/1 99/1/1
f 106/2/1 102/2/1 101/2/1
f 107/2/1 102/2/1 106/2/1
f 108/2/1 104/2/1 103/2/1
f 109/2/1 104/2/1 108/2/1
f 111/2/1 106/2/1 105/2/1
f 112/2/1 106/2/1 111/2/1
f 113/2/1 110/2/1 109/2/1
f 114/2/1 110/2/1 113/2/1
f 119/2/1 116/2/1 115/2/1
f 120/2/1 116/2/1 119/2/1
f 123/2/1 118/2/1 117/2/1
f 124/2/1 118/2/1 123/2/1
f 125/2/1 121/2/1 120/2/1
f 126/2/1 121/2/1 125/2/1
f 127/2/1 123/2/1 122/2/1
f 128/2/1 123/2/1 127/2/1
f 131/1/1 130/1/1 129/1/1
f 132/1/1 130/1/1 131/1/1
f 137/2/1 134/2/1 133/2/1
f 138/2/1 134/2/1 137/2/1
f 139/2/1 136/2/1 135/2/1
f 140/2/1 136/2/1 139/2/1
f 145/5/1 142/5/1 141/5/1
f 146/5/1 142/5/1 145/5/1
f 147/5/1 144/5/1 143/5/1
f 148/5/1 144/5/1 147/5/1
f 153/2/1 150/2/1 149/2/1
f 154/2/1 150/2/1 153/2/1
f 157/2/1 152/2/1 151/2/1
f 158/2/1 152/2/1 157/2/1
f 159/1/1 156/1/1 155/1/1
f 160/1/1 156/1/1 159/1/1
f 165/5/1 162/5/1 161/5/1
f 166/5/1 162/5/1 165/5/1
f 167/5/1 164/5/1 163/5/1
f 168/5/1 164/5/1 167/5/1
f 173/5/1 170/5/1 169/5/1
f 174/5/1 170/5/1 173/5/1
f 175/5/1 172/5/1 171/5/1
f 176/5/1 172/5/1 175/5/1
f 181/4/1 178/4/1 177/4/1
f 182/4/1 178/4/1 181/4/1
f 183/4/1 180/4/1 179/4/1
f 184/4/1 180/4/1 183/4/1
f 189/4/1 186/4/1 185/4/1
f 190/4/1 186/4/1 189/4/1
f 191/4/1 188/4/1 187/4/1
f 192/4/1 188/4/1 191/4/1
f 195/1/1 194/1/1 193/1/1
f 196/1/1 194/1/1 195/1/1
f 201/4/1 198/4/1 197/4/1
f 202/4/1 198/4/1 201/4/1
f 203/4/1 200/4/1 199/4/1
f 204/4/1 200/4/1 203/4/1
f 209/4/1 206/4/1 205/4/1
f 210/4/1 206/4/1 209/4/1
f 211/4/1 208/4/1 207/4/1
f 212/4/1 208/4/1 211/4/1
f 215/4/1 214/4/1 213/4/1
f 216/4/1 214/4/1 215/4/1
f 217/4/1 215/4/1 213/4/1
f 218/4/1 215/4/1 217/4/1
f 219/4/1 214/4/1 216/4/1
f 220/4/1 214/4/1 219/4/1
f 225/4/1 222/4/1 221/4/1
f 226/4/1 222/4/1 225/4/1
f 227/4/1 224/4/1 223/4/1
f 228/4/1 224/4/1 227/4/1
f 233/5/1 230/5/1 229/5/1
f 234/5/1 230/5/1 233/5/1
f 235/5/1 232/5/1 231/5/1
f 236/5/1 232/5/1 235/5/1
f 241/4/1 238/4/1 237/4/1
f 242/4/1 238/4/1 241/4/1
f 243/4/1 240/4/1 239/4/1
f 244/4/1 240/4/1 243/4/1
f 247/4/1 246/4/1 245/4/1
f 248/4/1 246/4/1 247/4/1
f 253/5/1 250/5/1 249/5/1
f 254/5/1 250/5/1 253/5/1
f 255/5/1 252/5/1 251/5/1
f 256/5/1 252/5/1 255/5/1
f 261/5/1 258/5/1 257/5/1
f 262/5/1 258/5/1 261/5/1
f 263/5/1 260/5/1 259/5/1
f 264/5/1 260/5/1 263/5/1
f 269/4/1 266/4/1 265/4/1
f 270/4/1 266/4/1 269/4/1
f 271/4/1 268/4/1 267/4/1
f 272/4/1 268/4/1 271/4/1
f 278/5/1 274/5/1 273/5/1
f 279/5/1 274/5/1 278/5/1
f 280/5/1 276/5/1 275/5/1
f 281/5/1 276/5/1 280/5/1
f 283/5/1 278/5/1 277/5/1
f 284/5/1 278/5/1 283/5/1
f 287/5/1 282/5/1 281/5/1
f 288/5/1 282/5/1 287/5/1
f 289/5/1 285/5/1 284/5/1
f 290/5/1 285/5/1 289/5/1
f 291/5/1 287/5/1 286/5/1
f 292/5/1 287/5/1 291/5/1
f 297/5/1 294/5/1 293/5/1
f 298/5/1 294/5/1 297/5/1
f 299/5/1 296/5/1 295/5/1
f 300/5/1 296/5/1 299/5/1
f 305/4/1 302/4/1 301/4/1
f 306/4/1 302/4/1 305/4/1
f 307/4/1 304/4/1 303/4/1
f 308/4/1 304/4/1 307/4/1
f 311/4/1 310/4/1 309/4/1
f 312/4/1 310/4/1 311/4/1
f 318/5/1 314/5/1 313/5/1
f 319/5/1 314/5/1 318/5/1
f 320/5/1 316/5/1 315/5/1
f 321/5/1 316/5/1 320/5/1
f 323/5/1 318/5/1 317/5/1
f 324/5/1 318/5/1 323/5/1
f 325/5/1 322/5/1 321/5/1
f 326/5/1 322/5/1 325/5/1
f 331/5/1 328/5/1 327/5/1
f 332/5/1 328/5/1 331/5/1
f 335/5/1 330/5/1 329/5/1
f 336/5/1 330/5/1 335/5/1
f 337/5/1 333/5/1 332/5/1
f 338/5/1 333/5/1 337/5/1
f 339/5/1 335/5/1 334/5/1
f 340/5/1 335/5/1 339/5/1
f 345/5/1 342/5/1 341/5/1
f 346/5/1 342/5/1 345/5/1
f 347/5/1 344/5/1 343/5/1
f 348/5/1 344/5/1 347/5/1
f 353/5/1 350/5/1 349/5/1
f 354/5/1 350/5/1 353/5/1
f 355/5/1 352/5/1 351/5/1
f 356/5/1 352/5/1 355/5/1
f 361/4/1 358/4/1 357/4/1
f 362/4/1 358/4/1 361/4/1
f 363/4/1 360/4/1 359/4/1
f 364/4/1 360/4/1 363/4/1
f 370/5/1 366/5/1 365/5/1
f 371/5/1 366/5/1 370/5/1
f 372/5/1 368/5/1 367/5/1
f 373/5/1 368/5/1 372/5/1
f 375/5/1 370/5/1 369/5/1
f 376/5/1 370/5/1 375/5/1
f 377/5/1 374/5/1 373/5/1
f 378/5/1 374/5/1 377/5/1
f 383/5/1 380/5/1 379/5/1
f 384/5/1 380/5/1 383/5/1
f 387/5/1 382/5/1 381/5/1
f 388/5/1 382/5/1 387/5/1
f 389/5/1 385/5/1 384/5/1
f 390/5/1 385/5/1 389/5/1
f 391/5/1 387/5/1 386/5/1
f 392/5/1 387/5/1 391/5/1
f 397/5/1 394/5/1 393/5/1
f 398/5/1 394/5/1 397/5/1
f 399/5/1 396/5/1 395/5/1
f 400/5/1 396/5/1 399/5/1
f 405/5/1 402/5/1 401/5/1
f 406/5/1 402/5/1 405/5/1
f 407/5/1 404/5/1 403/5/1
f 408/5/1 404/5/1 407/5/1
f 413/5/1 410/5/1 409/5/1
f 414/5/1 410/5/1 413/5/1
f 415/5/1 412/5/1 411/5/1
f 416/5/1 412/5/1 415/5/1
f 421/4/1 418/4/1 417/4/1
f 422/4/1 418/4/1 421/4/1
f 423/4/1 420/4/1 419/4/1
f 424/4/1 420/4/1 423/4/1
f 430/5/1 426/5/1 425/5/1
f 431/5/1 426/5/1 430/5/1
f 432/5/1 428/5/1 427/5/1
f 433/5/1 428/5/1 432/5/1
f 435/5/1 430/5/1 429/5/1
f 436/5/1 430/5/1 435/5/1
f 437/5/1 434/5/1 433/5/1
f 438/5/1 434/5/1 437/5/1
f 443/5/1 440/5/1 439/5/1
f 444/5/1 440/5/1 443/5/1
f 447/5/1 442/5/1 441/5/1
f 448/5/1 442/5/1 447/5/1
f 449/5/1 445/5/1 444/5/1
f 450/5/1 445/5/1 449/5/1
f 451/5/1 447/5/1 446/5/1
f 452/5/1 447/5/1 451/5/1
f 457/5/1 454/5/1 453/5/1
f 458/5/1 454/5/1 457/5/1
f 459/5/1 456/5/1 455/5/1
f 460/5/1 456/5/1 459/5/1
f 465/5/1 462/5/1 461/5/1
f 466/5/1 462/5/1 465/5/1
f 467/5/1 464/5/1 463/5/1
f 468/5/1 464/5/1 467/5/1
f 473/5/1 470/5/1 469/5/1
f 474/5/1 470/5/1 473/5/1
f 475/5/1 472/5/1 471/5/1
f 476/5/1 472/5/1 475/5/1
f 481/4/1 478/4/1 477/4/1
f 482/4/1 478/4/1 481/4/1
f 483/4/1 480/4/1 479/4/1
f 484/4/1 480/4/1 483/4/1
f 487/4/1 486/4/1 485/4/1
f 488/4/1 486/4/1 487/4/1
f 491/4/1 490/4/1 489/4/1
f 492/4/1 490/4/1 491/4/1
f 497/5/1 494/5/1 493/5/1
f 498/5/1 494/5/1 497/5/1
f 499/5/1 496/5/1 495/5/1
f 500/5/1 496/5/1 499/5/1
f 505/5/1 502/5/1 501/5/1
f 506/5/1 502/5/1 505/5/1
f 507/5/1 504/5/1 503/5/1
f 508/5/1 504/5/1 507/5/1
f 513/5/1 510/5/1 509/5/1
f 514/5/1 510/5/1 513/5/1
f 515/5/1 512/5/1 511/5/1
f 516/5/1 512/5/1 515/5/1
f 517/5/2 518/5/2 521/5/2
f 521/5/2 518/5/2 522/5/2
f 519/5/2 520/5/2 523/5/2
f 523/5/2 520/5/2 524/5/2
f 525/5/2 526/5/2 529/5/2
f 529/5/2 526/5/2 530/5/2
f 527/5/2 528/5/2 531/5/2
f 531/5/2 528/5/2 532/5/2
f 533/5/2 534/5/2 537/5/2
f 537/5/2 534/5/2 538/5/2
f 535/5/2 536/5/2 539/5/2
f 539/5/2 536/5/2 540/5/2
f 541/4/2 542/4/2 543/4/2
f 543/4/2 542/4/2 544/4/2
f 545/4/2 546/4/2 547/4/2
f 547/4/2 546/4/2 548/4/2
f 549/5/2 550/5/2 554/5/2
f 554/5/2 550/5/2 555/5/2
f 551/5/2 552/5/2 556/5/2
f 556/5/2 552/5/2 557/5/2
f 553/5/2 554/5/2 559/5/2
f 559/5/2 554/5/2 560/5/2
f 557/5/2 558/5/2 561/5/2
f 561/5/2 558/5/2 562/5/2
f 563/5/2 564/5/2 567/5/2
f 567/5/2 564/5/2 568/5/2
f 565/5/2 566/5/2 571/5/2
f 571/5/2 566/5/2 572/5/2
f 568/5/2 569/5/2 573/5/2
f 573/5/2 569/5/2 574/5/2
f 570/5/2 571/5/2 575/5/2
f 575/5/2 571/5/2 576/5/2
f 577/5/2 578/5/2 581/5/2
f 581/5/2 578/5/2 582/5/2
f 579/5/2 580/5/2 583/5/2
f 583/5/2 580/5/2 584/5/2
f 585/5/2 586/5/2 589/5/2
f 589/5/2 586/5/2 590/5/2
f 587/5/2 588/5/2 591/5/2
f 591/5/2 588/5/2 592/5/2
f 593/5/2 594/5/2 597/5/2
f 597/5/2 594/5/2 598/5/2
f 595/5/2 596/5/2 599/5/2
f 599/5/2 596/5/2 600/5/2
f 601/4/2 602/4/2 605/4/2
f 605/4/2 602/4/2 606/4/2
f 603/4/2 604/4/2 607/4/2
f 607/4/2 604/4/2 608/4/2
f 609/5/2 610/5/2 614/5/2
f 614/5/2 610/5/2 615/5/2
f 611/5/2 612/5/2 616/5/2
f 616/5/2 612/5/2 617/5/2
f 613/5/2 614/5/2 619/5/2
f 619/5/2 614/5/2 620/5/2
f 617/5/2 618/5/2 621/5/2
f 621/5/2 618/5/2 622/5/2
f 623/5/2 624/5/2 627/5/2
f 627/5/2 624/5/2 628/5/2
f 625/5/2 626/5/2 631/5/2
f 631/5/2 626/5/2 632/5/2
f 628/5/2 629/5/2 633/5/2
f 633/5/2 629/5/2 634/5/2
f 630/5/2 631/5/2 635/5/2
f 635/5/2 631/5/2 636/5/2
f 637/5/2 638/5/2 641/5/2
f 641/5/2 638/5/2 642/5/2
f 639/5/2 640/5/2 643/5/2
f 643/5/2 640/5/2 644/5/2
f 645/5/2 646/5/2 649/5/2
f 649/5/2 646/5/2 650/5/2
f 647/5/2 648/5/2 651/5/2
f 651/5/2 648/5/2 652/5/2
f 653/5/2 654/5/2 657/5/2
f 657/5/2 654/5/2 658/5/2
f 655/5/2 656/5/2 659/5/2
f 659/5/2 656/5/2 660/5/2
f 661/4/2 662/4/2 665/4/2
f 665/4/2 662/4/2 666/4/2
f 663/4/2 664/4/2 667/4/2
f 667/4/2 664/4/2 668/4/2
f 669/4/2 670/4/2 671/4/2
f 671/4/2 670/4/2 672/4/2
f 673/5/2 674/5/2 678/5/2
f 678/5/2 674/5/2 679/5/2
f 675/5/2 676/5/2 680/5/2
f 680/5/2 676/5/2 681/5/2
f 677/5/2 678/5/2 683/5/2
f 683/5/2 678/5/2 684/5/2
f 681/5/2 682/5/2 685/5/2
f 685/5/2 682/5/2 686/5/2
f 687/5/2 688/5/2 691/5/2
f 691/5/2 688/5/2 692/5/2
f 689/5/2 690/5/2 695/5/2
f 695/5/2 690/5/2 696/5/2
f 692/5/2 693/5/2 697/5/2
f 697/5/2 693/5/2 698/5/2
f 694/5/2 695/5/2 699/5/2
f 699/5/2 695/5/2 700/5/2
f 701/5/2 702/5/2 705/5/2
f 705/5/2 702/5/2 706/5/2
f 703/5/2 704/5/2 707/5/2
f 707/5/2 704/5/2 708/5/2
f 709/5/2 710/5/2 713/5/2
f 713/5/2 710/5/2 714/5/2
f 711/5/2 712/5/2 715/5/2
f 715/5/2 712/5/2 716/5/2
f 717/4/2 718/4/2 721/4/2
f 721/4/2 718/4/2 722/4/2
f 719/4/2 720/4/2 723/4/2
f 723/4/2 720/4/2 724/4/2
f 725/5/2 726/5/2 730/5/2
f 730/5/2 726/5/2 731/5/2
f 727/5/2 728/5/2 732/5/2
f 732/5/2 728/5/2 733/5/2
f 729/5/2 730/5/2 735/5/2
f 735/5/2 730/5/2 736/5/2
f 733/5/2 734/5/2 739/5/2
f 739/5/2 734/5/2 740/5/2
f 736/5/2 737/5/2 741/5/2
f 741/5/2 737/5/2 742/5/2
f 738/5/2 739/5/2 743/5/2
f 743/5/2 739/5/2 744/5/2
f 745/5/2 746/5/2 749/5/2
f 749/5/2 746/5/2 750/5/2
f 747/5/2 748/5/2 751/5/2
f 751/5/2 748/5/2 752/5/2
f 753/4/2 754/4/2 757/4/2
f 757/4/2 754/4/2 758/4/2
f 755/4/2 756/4/2 759/4/2
f 759/4/2 756/4/2 760/4/2
f 761/4/2 762/4/2 763/4/2
f 763/4/2 762/4/2 764/4/2
f 765/5/2 766/5/2 769/5/2
f 769/5/2 766/5/2 770/5/2
f 767/5/2 768/5/2 771/5/2
f 771/5/2 768/5/2 772/5/2
f 773/5/2 774/5/2 777/5/2
f 777/5/2 774/5/2 778/5/2
f 775/5/2 776/5/2 779/5/2
f 779/5/2 776/5/2 780/5/2
f 781/4/2 782/4/2 785/4/2
f 785/4/2 782/4/2 786/4/2
f 783/4/2 784/4/2 787/4/2
f 787/4/2 784/4/2 788/4/2
f 789/5/2 790/5/2 793/5/2
f 793/5/2 790/5/2 794/5/2
f 791/5/2 792/5/2 795/5/2
f 795/5/2 792/5/2 796/5/2
f 797/4/2 798/4/2 801/4/2
f 801/4/2 798/4/2 802/4/2
f 799/4/2 800/4/2 803/4/2
f 803/4/2 800/4/2 804/4/2
f 805/4/2 806/4/2 807/4/2
f 807/4/2 806/4/2 808/4/2
f 805/4/2 807/4/2 809/4/2
f 809/4/2 807/4/2 810/4/2
f 808/4/2 806/4/2 811/4/2
f 811/4/2 806/4/2 812/4/2
f 813/4/2 814/4/2 817/4/2
f 817/4/2 814/4/2 818/4/2
f 815/4/2 816/4/2 819/4/2
f 819/4/2 816/4/2 820/4/2
f 821/4/2 822/4/2 825/4/2
f 825/4/2 822/4/2 826/4/2
f 823/4/2 824/4/2 827/4/2
f 827/4/2 824/4/2 828/4/2
f 829/4/2 830/4/2 833/4/2
f 833/4/2 830/4/2 834/4/2
f 831/4/2 832/4/2 835/4/2
f 835/4/2 832/4/2 836/4/2
f 837/4/2 838/4/2 841/4/2
f 841/4/2 838/4/2 842/4/2
f 839/4/2 840/4/2 843/4/2
f 843/4/2 840/4/2 844/4/2
f 845/4/2 846/4/2 849/4/2
f 849/4/2 846/4/2 850/4/2
f 847/4/2 848/4/2 851/4/2
f 851/4/2 848/4/2 852/4/2
f 853/1/2 854/1/2 855/1/2
f 855/1/2 854/1/2 856/1/2
f 857/5/2 858/5/2 861/5/2
f 861/5/2 858/5/2 862/5/2
f 859/5/2 860/5/2 863/5/2
f 863/5/2 860/5/2 864/5/2
f 865/5/2 866/5/2 869/5/2
f 869/5/2 866/5/2 870/5/2
f 867/5/2 868/5/2 871/5/2
f 871/5/2 868/5/2 872/5/2
f 873/2/2 874/2/2 877/2/2
f 877/2/2 874/2/2 878/2/2
f 875/2/2 876/2/2 879/2/2
f 879/2/2 876/2/2 880/2/2
f 881/5/2 882/5/2 885/5/2
f 885/5/2 882/5/2 886/5/2
f 883/5/2 884/5/2 887/5/2
f 887/5/2 884/5/2 888/5/2
f 889/2/2 890/2/2 893/2/2
f 893/2/2 890/2/2 894/2/2
f 891/2/2 892/2/2 897/2/2
f 897/2/2 892/2/2 898/2/2
f 895/1/2 896/1/2 899/1/2
f 899/1/2 896/1/2 900/1/2
f 901/2/2 902/2/2 906/2/2
f 906/2/2 902/2/2 907/2/2
f 903/2/2 904/2/2 908/2/2
f 908/2/2 904/2/2 909/2/2
f 905/2/2 906/2/2 911/2/2
f 911/2/2 906/2/2 912/2/2
f 909/2/2 910/2/2 913/2/2
f 913/2/2 910/2/2 914/2/2
f 915/2/2 916/2/2 919/2/2
f 919/2/2 916/2/2 920/2/2
f 917/2/2 918/2/2 923/2/2
f 923/2/2 918/2/2 924/2/2
f 920/2/2 921/2/2 925/2/2
f 925/2/2 921/2/2 926/2/2
f 922/2/2 923/2/2 927/2/2
f 927/2/2 923/2/2 928/2/2
f 929/1/2 930/1/2 931/1/2
f 931/1/2 930/1/2 932/1/2
f 933/2/2 934/2/2 936/2/2
f 936/2/2 934/2/2 937/2/2
f 935/2/2 936/2/2 940/2/2
f 937/2/2 938/2/2 940/2/2
f 936/2/2 937/2/2 940/2/2
f 940/2/2 938/2/2 941/2/2
f 939/2/2 940/2/2 943/2/2
f 941/2/2 942/2/2 943/2/2
f 940/2/2 941/2/2 943/2/2
f 943/2/2 942/2/2 944/2/2
f 944/2/2 942/2/2 945/2/2
f 945/2/2 942/2/2 946/2/2
f 944/2/2 945/2/2 947/2/2
f 947/2/2 945/2/2 948/2/2
f 948/2/2 945/2/2 949/2/2
f 949/2/2 945/2/2 950/2/2
f 948/2/2 949/2/2 951/2/2
f 951/2/2 949/2/2 952/2/2
f 953/1/2 954/1/2 955/1/2
f 955/1/2 954/1/2 956/1/2
f 957/1/2 958/1/2 959/1/2
f 959/1/2 958/1/2 960/1/2
f 961/1/2 962/1/2 963/1/2
f 963/1/2 962/1/2 964/1/2
f 965/1/2 966/1/2 967/1/2
f 967/1/2 966/1/2 968/1/2
f 969/1/2 970/1/2 971/1/2
f 971/1/2 970/1/2 972/1/2
f 973/1/2 974/1/2 975/1/2
f 975/1/2 974/1/2 976/1/2
f 977/1/2 978/1/2 979/1/2
f 979/1/2 978/1/2 980/1/2
f 981/1/2 982/1/2 983/1/2
f 983/1/2 982/1/2 984/1/2
f 985/1/2 986/1/2 987/1/2
f 987/1/2 986/1/2 988/1/2
f 989/1/2 990/1/2 991/1/2
f 991/1/2 990/1/2 992/1/2
f 993/1/2 994/1/2 995/1/2
f 995/1/2 994/1/2 996/1/2
f 997/1/2 998/1/2 999/1/2
f 999/1/2 998/1/2 1000/1/2
f 1001/1/2 1002/1/2 1003/1/2
f 1003/1/2 1002/1/2 1004/1/2
f 1005/1/2 1006/1/2 1007/1/2
f 1007/1/2 1006/1/2 1008/1/2
f 1009/1/2 1010/1/2 1011/1/2
f 1011/1/2 1010/1/2 1012/1/2
f 1013/1/2 1014/1/2 1015/1/2
f 1015/1/2 1014/1/2 1016/1/2
f 1017/1/2 1018/1/2 1019/1/2
f 1019/1/2 1018/1/2 1020/1/2
f 1021/1/2 1022/1/2 1023/1/2
f 1023/1/2 1022/1/2 1024/1/2
f 1025/1/2 1026/1/2 1027/1/2
f 1027/1/2 1026/1/2 1028/1/2
f 1029/1/2 1030/1/2 1031/1/2
f 1031/1/2 1030/1/2 1032/1/2
f 1036/5/3 1034/5/3 1033/5/3
f 1037/5/3 1034/5/3 1036/5/3
f 1039/5/3 1036/5/3 1035/5/3
f 1039/5/3 1038/5/3 1037/5/3
f 1039/5/3 1037/5/3 1036/5/3
f 1040/5/3 1038/5/3 1039/5/3
f 1041/5/3 1038/5/3 1040/5/3
f 1042/5/3 1038/5/3 1041/5/3
f 1043/5/3 1041/5/3 1040/5/3
f 1044/5/3 1041/5/3 1043/5/3
f 1048/5/3 1046/5/3 1045/5/3
f 1049/5/3 1046/5/3 1048/5/3
f 1054/5/3 1048/5/3 1047/5/3
f 1054/5/3 1049/5/3 1048/5/3
f 1054/5/3 1050/5/3 1049/5/3
f 1055/5/3 1050/5/3 1054/5/3
f 1058/5/3 1052/5/3 1051/5/3
f 1059/5/3 1052/5/3 1058/5/3
f 1062/5/3 1056/5/3 1055/5/3
f 1062/5/3 1054/5/3 1053/5/3
f 1062/5/3 1055/5/3 1054/5/3
f 1063/5/3 1056/5/3 1062/5/3
f 1066/5/3 1059/5/3 1058/5/3
f 1066/5/3 1060/5/3 1059/5/3
f 1066/5/3 1058/5/3 1057/5/3
f 1067/5/3 1060/5/3 1066/5/3
f 1069/5/3 1064/5/3 1063/5/3
f 1069/5/3 1063/5/3 1062/5/3
f 1069/5/3 1062/5/3 1061/5/3
f 1070/5/3 1064/5/3 1069/5/3
f 1071/5/3 1064/5/3 1070/5/3
f 1072/5/3 1064/5/3 1071/5/3
f 1073/5/3 1067/5/3 1066/5/3
f 1073/5/3 1068/5/3 1067/5/3
f 1073/5/3 1066/5/3 1065/5/3
f 1074/5/3 1068/5/3 1073/5/3
f 1075/5/3 1068/5/3 1074/5/3
f 1076/5/3 1068/5/3 1075/5/3
f 1077/5/3 1071/5/3 1070/5/3
f 1078/5/3 1071/5/3 1077/5/3
f 1079/5/3 1071/5/3 1078/5/3
f 1080/5/3 1071/5/3 1079/5/3
f 1081/5/3 1075/5/3 1074/5/3
f 1082/5/3 1075/5/3 1081/5/3
f 1083/5/3 1075/5/3 1082/5/3
f 1084/5/3 1075/5/3 1083/5/3
f 1085/5/3 1079/5/3 1078/5/3
f 1086/5/3 1079/5/3 1085/5/3
f 1087/5/3 1079/5/3 1086/5/3
f 1088/5/3 1079/5/3 1087/5/3
f 1089/5/3 1083/5/3 1082/5/3
f 1090/5/3 1083/5/3 1089/5/3
f 1091/5/3 1087/5/3 1086/5/3
f 1092/5/3 1087/5/3 1091/5/3
f 1096/5/3 1094/5/3 1093/5/3
f 1097/5/3 1094/5/3 1096/5/3
f 1099/5/3 1097/5/3 1096/5/3
f 1099/5/3 1098/5/3 1097/5/3
f 1099/5/3 1096/5/3 1095/5/3
f 1100/5/3 1098/5/3 1099/5/3
f 1101/5/3 1098/5/3 1100/5/3
f 1102/5/3 1098/5/3 1101/5/3
f 1103/5/3 1101/5/3 1100/5/3
f 1104/5/3 1101/5/3 1103/5/3
f 1108/2/3 1106/2/3 1105/2/3
f 1109/2/3 1106/2/3 1108/2/3
f 1112/2/3 1108/2/3 1107/2/3
f 1112/2/3 1110/2/3 1109/2/3
f 1112/2/3 1109/2/3 1108/2/3
f 1113/2/3 1110/2/3 1112/2/3
f 1114/2/3 1110/2/3 1113/2/3
f 1115/2/3 1110/2/3 1114/2/3
f 1117/2/3 1112/2/3 1111/2/3
f 1117/2/3 1113/2/3 1112/2/3
f 1118/2/3 1113/2/3 1117/2/3
f 1119/2/3 1116/2/3 1115/2/3
f 1119/2/3 1115/2/3 1114/2/3
f 1120/2/3 1116/2/3 1119/2/3
f 1121/2/3 1117/2/3 1111/2/3
f 1124/2/3 1116/2/3 1120/2/3
f 1125/2/3 1122/2/3 1121/2/3
f 1126/2/3 1124/2/3 1123/2/3
f 1127/2/3 1116/2/3 1124/2/3
f 1127/2/3 1126/2/3 1125/2/3
f 1127/2/3 1124/2/3 1126/2/3
f 1131/5/3 1128/5/3 1127/5/3
f 1134/5/3 1130/5/3 1129/5/3
f 1135/5/3 1130/5/3 1134/5/3
f 1137/5/3 1132/5/3 1131/5/3
f 1140/5/3 1134/5/3 1133/5/3
f 1141/5/3 1134/5/3 1140/5/3
f 1142/5/3 1136/5/3 1135/5/3
f 1143/5/3 1136/5/3 1142/5/3
f 1145/2/3 1125/2/3 1121/2/3
f 1145/2/3 1127/2/3 1125/2/3
f 1146/2/3 1127/2/3 1145/2/3
f 1147/5/3 1138/5/3 1137/5/3
f 1150/5/3 1140/5/3 1139/5/3
f 1151/5/3 1140/5/3 1150/5/3
f 1152/5/3 1144/5/3 1143/5/3
f 1153/5/3 1144/5/3 1152/5/3
f 1155/2/3 1121/2/3 1111/2/3
f 1155/2/3 1145/2/3 1121/2/3
f 1156/2/3 1145/2/3 1155/2/3
f 1157/2/3 1127/2/3 1146/2/3
f 1158/2/3 1127/2/3 1157/2/3
f 1159/5/3 1148/5/3 1147/5/3
f 1162/5/3 1150/5/3 1149/5/3
f 1163/5/3 1150/5/3 1162/5/3
f 1164/5/3 1154/5/3 1153/5/3
f 1165/5/3 1154/5/3 1164/5/3
f 1167/2/3 1155/2/3 1111/2/3
f 1168/2/3 1155/2/3 1167/2/3
f 1169/2/3 1127/2/3 1158/2/3
f 1170/2/3 1127/2/3 1169/2/3
f 1171/5/3 1160/5/3 1159/5/3
f 1173/5/3 1162/5/3 1161/5/3
f 1174/5/3 1162/5/3 1173/5/3
f 1177/5/3 1166/5/3 1165/5/3
f 1178/5/3 1166/5/3 1177/5/3
f 1179/2/3 1167/2/3 1111/2/3
f 1182/2/3 1127/2/3 1170/2/3
f 1183/5/3 1172/5/3 1171/5/3
f 1183/5/3 1171/5/3 1159/5/3
f 1184/5/3 1172/5/3 1183/5/3
f 1185/5/3 1175/5/3 1174/5/3
f 1186/5/3 1175/5/3 1185/5/3
f 1189/5/3 1177/5/3 1176/5/3
f 1190/5/3 1177/5/3 1189/5/3
f 1191/2/3 1180/2/3 1179/2/3
f 1194/2/3 1182/2/3 1181/2/3
f 1195/5/3 1159/5/3 1147/5/3
f 1195/5/3 1183/5/3 1159/5/3
f 1196/5/3 1183/5/3 1195/5/3
f 1197/5/3 1187/5/3 1186/5/3
f 1198/5/3 1187/5/3 1197/5/3
f 1201/5/3 1189/5/3 1188/5/3
f 1202/5/3 1189/5/3 1201/5/3
f 1203/2/3 1192/2/3 1191/2/3
f 1204/2/3 1194/2/3 1193/2/3
f 1205/5/3 1147/5/3 1137/5/3
f 1205/5/3 1195/5/3 1147/5/3
f 1206/5/3 1195/5/3 1205/5/3
f 1207/5/3 1199/5/3 1198/5/3
f 1208/5/3 1199/5/3 1207/5/3
f 1209/5/3 1201/5/3 1200/5/3
f 1210/5/3 1201/5/3 1209/5/3
f 1211/5/3 1137/5/3 1131/5/3
f 1211/5/3 1205/5/3 1137/5/3
f 1212/5/3 1205/5/3 1211/5/3
f 1213/5/3 1209/5/3 1208/5/3
f 1214/5/3 1209/5/3 1213/5/3
f 1215/5/3 1131/5/3 1127/5/3
f 1215/5/3 1211/5/3 1131/5/3
f 1216/5/3 1211/5/3 1215/5/3
f 1217/2/3 1127/2/3 1182/2/3
f 1217/2/3 1204/2/3 1203/2/3
f 1217/5/3 1215/5/3 1127/5/3
f 1217/2/3 1182/2/3 1194/2/3
f 1217/2/3 1194/2/3 1204/2/3
f 1218/5/3 1215/5/3 1217/5/3
f 1219/2/3 1203/2/3 1191/2/3
f 1219/2/3 1217/2/3 1203/2/3
f 1220/2/3 1217/2/3 1219/2/3
f 1221/2/3 1191/2/3 1179/2/3
f 1221/2/3 1219/2/3 1191/2/3
f 1222/2/3 1219/2/3 1221/2/3
f 1223/2/3 1217/2/3 1220/2/3
f 1224/2/3 1217/2/3 1223/2/3
f 1225/2/3 1221/2/3 1179/2/3
f 1228/2/3 1217/2/3 1224/2/3
f 1229/2/3 1179/2/3 1111/2/3
f 1229/2/3 1226/2/3 1225/2/3
f 1229/2/3 1225/2/3 1179/2/3
f 1230/2/3 1226/2/3 1229/2/3
f 1231/2/3 1226/2/3 1230/2/3
f 1232/2/3 1228/2/3 1227/2/3
f 1233/2/3 1217/2/3 1228/2/3
f 1233/2/3 1228/2/3 1232/2/3
f 1234/2/3 1217/2/3 1233/2/3
f 1235/2/3 1231/2/3 1230/2/3
f 1235/2/3 1232/2/3 1231/2/3
f 1235/2/3 1233/2/3 1232/2/3
f 1236/2/3 1233/2/3 1235/2/3
f 1237/2/3 1233/2/3 1236/2/3
f 1238/2/3 1233/2/3 1237/2/3
f 1239/2/3 1237/2/3 1236/2/3
f 1240/2/3 1237/2/3 1239/2/3
f 1246/2/3 1242/2/3 1241/2/3
f 1247/2/3 1242/2/3 1246/2/3
f 1248/2/3 1244/2/3 1243/2/3
f 1249/2/3 1244/2/3 1248/2/3
f 1251/2/3 1246/2/3 1245/2/3
f 1252/2/3 1246/2/3 1251/2/3
f 1253/2/3 1250/2/3 1249/2/3
f 1254/2/3 1250/2/3 1253/2/3
f 1260/4/3 1256/4/3 1255/4/3
f 1261/4/3 1258/4/3 1257/4/3
f 1264/4/3 1260/4/3 1259/4/3
f 1265/4/3 1262/4/3 1261/4/3
f 1267/4/3 1261/4/3 1257/4/3
f 1267/4/3 1266/4/3 1265/4/3
f 1267/4/3 1265/4/3 1261/4/3
f 1268/4/3 1266/4/3 1267/4/3
f 1269/4/3 1266/4/3 1268/4/3
f 1271/4/3 1264/4/3 1263/4/3
f 1272/4/3 1264/4/3 1271/4/3
f 1273/4/3 1260/4/3 1264/4/3
f 1273/4/3 1264/4/3 1272/4/3
f 1274/4/3 1260/4/3 1273/4/3
f 1275/4/3 1270/4/3 1269/4/3
f 1275/4/3 1269/4/3 1268/4/3
f 1276/4/3 1270/4/3 1275/4/3
f 1277/4/3 1270/4/3 1276/4/3
f 1279/4/3 1273/4/3 1272/4/3
f 1280/4/3 1273/4/3 1279/4/3
f 1281/4/3 1260/4/3 1274/4/3
f 1282/4/3 1260/4/3 1281/4/3
f 1283/4/3 1278/4/3 1277/4/3
f 1283/4/3 1277/4/3 1276/4/3
f 1284/4/3 1278/4/3 1283/4/3
f 1285/4/3 1278/4/3 1284/4/3
f 1287/4/3 1279/4/3 1272/4/3
f 1288/4/3 1279/4/3 1287/4/3
f 1289/4/3 1279/4/3 1288/4/3
f 1290/4/3 1279/4/3 1289/4/3
f 1291/4/3 1260/4/3 1282/4/3
f 1292/4/3 1256/4/3 1260/4/3
f 1292/4/3 1260/4/3 1291/4/3
f 1293/4/3 1286/4/3 1285/4/3
f 1293/4/3 1285/4/3 1284/4/3
f 1294/4/3 1286/4/3 1293/4/3
f 1295/4/3 1286/4/3 1294/4/3
f 1297/4/3 1289/4/3 1288/4/3
f 1298/4/3 1289/4/3 1297/4/3
f 1299/4/3 1256/4/3 1292/4/3
f 1300/4/3 1256/4/3 1299/4/3
f 1301/4/3 1296/4/3 1295/4/3
f 1301/4/3 1295/4/3 1294/4/3
f 1302/4/3 1296/4/3 1301/4/3
f 1303/4/3 1296/4/3 1302/4/3
f 1305/4/3 1297/4/3 1288/4/3
f 1306/4/3 1297/4/3 1305/4/3
f 1307/4/3 1256/4/3 1300/4/3
f 1308/4/3 1256/4/3 1307/4/3
f 1309/4/3 1304/4/3 1303/4/3
f 1309/4/3 1303/4/3 1302/4/3
f 1310/4/3 1304/4/3 1309/4/3
f 1311/4/3 1304/4/3 1310/4/3
f 1313/4/3 1305/4/3 1288/4/3
f 1316/4/3 1256/4/3 1308/4/3
f 1318/4/3 1312/4/3 1311/4/3
f 1318/4/3 1311/4/3 1310/4/3
f 1319/4/3 1312/4/3 1318/4/3
f 1320/4/3 1312/4/3 1319/4/3
f 1321/4/3 1314/4/3 1313/4/3
f 1324/4/3 1316/4/3 1315/4/3
f 1326/4/3 1318/4/3 1317/4/3
f 1326/4/3 1319/4/3 1318/4/3
f 1327/4/3 1319/4/3 1326/4/3
f 1328/4/3 1319/4/3 1327/4/3
f 1330/4/3 1322/4/3 1321/4/3
f 1330/4/3 1313/4/3 1288/4/3
f 1330/4/3 1321/4/3 1313/4/3
f 1331/4/3 1322/4/3 1330/4/3
f 1334/4/3 1324/4/3 1323/4/3
f 1336/4/3 1327/4/3 1326/4/3
f 1336/4/3 1326/4/3 1325/4/3
f 1337/4/3 1327/4/3 1336/4/3
f 1338/4/3 1327/4/3 1337/4/3
f 1339/4/3 1332/4/3 1331/4/3
f 1339/4/3 1330/4/3 1329/4/3
f 1339/4/3 1331/4/3 1330/4/3
f 1342/4/3 1334/4/3 1333/4/3
f 1344/4/3 1337/4/3 1336/4/3
f 1344/4/3 1336/4/3 1335/4/3
f 1345/4/3 1337/4/3 1344/4/3
f 1346/4/3 1337/4/3 1345/4/3
f 1348/4/3 1340/4/3 1339/4/3
f 1348/4/3 1339/4/3 1329/4/3
f 1349/4/3 1340/4/3 1348/4/3
f 1350/4/3 1342/4/3 1341/4/3
f 1352/4/3 1345/4/3 1344/4/3
f 1352/4/3 1344/4/3 1343/4/3
f 1353/4/3 1345/4/3 1352/4/3
f 1354/4/3 1345/4/3 1353/4/3
f 1356/4/3 1352/4/3 1351/4/3
f 1356/4/3 1353/4/3 1352/4/3
f 1357/4/3 1353/4/3 1356/4/3
f 1358/4/3 1353/4/3 1357/4/3
f 1359/4/3 1349/4/3 1348/4/3
f 1359/4/3 1350/4/3 1349/4/3
f 1359/4/3 1348/4/3 1347/4/3
f 1360/4/3 1350/4/3 1359/4/3
f 1361/4/3 1357/4/3 1356/4/3
f 1361/4/3 1356/4/3 1355/4/3
f 1362/4/3 1357/4/3 1361/4/3
f 1363/4/3 1350/4/3 1360/4/3
f 1364/4/3 1324/4/3 1334/4/3
f 1364/4/3 1350/4/3 1363/4/3
f 1364/4/3 1334/4/3 1342/4/3
f 1364/4/3 1342/4/3 1350/4/3
f 1365/4/3 1361/4/3 1355/4/3
f 1366/4/3 1361/4/3 1365/4/3
f 1367/4/3 1324/4/3 1364/4/3
f 1368/4/3 1256/4/3 1316/4/3
f 1368/4/3 1324/4/3 1367/4/3
f 1368/4/3 1316/4/3 1324/4/3
f 1369/4/3 1365/4/3 1355/4/3
f 1370/4/3 1365/4/3 1369/4/3
f 1375/2/3 1372/2/3 1371/2/3
f 1376/2/3 1372/2/3 1375/2/3
f 1379/2/3 1374/2/3 1373/2/3
f 1380/2/3 1374/2/3 1379/2/3
f 1381/2/3 1377/2/3 1376/2/3
f 1382/2/3 1377/2/3 1381/2/3
f 1383/2/3 1379/2/3 1378/2/3
f 1384/2/3 1379/2/3 1383/2/3
f 1388/1/3 1386/1/3 1385/1/3
f 1389/1/3 1386/1/3 1388/1/3
f 1392/1/3 1388/1/3 1387/1/3
f 1392/1/3 1390/1/3 1389/1/3
f 1392/1/3 1389/1/3 1388/1/3
f 1393/1/3 1390/1/3 1392/1/3
f 1396/1/3 1392/1/3 1391/1/3
f 1396/1/3 1394/1/3 1393/1/3
f 1396/1/3 1393/1/3 1392/1/3
f 1397/1/3 1394/1/3 1396/1/3
f 1400/1/3 1396/1/3 1395/1/3
f 1400/1/3 1398/1/3 1397/1/3
f 1400/1/3 1397/1/3 1396/1/3
f 1401/1/3 1398/1/3 1400/1/3
f 1404/1/3 1400/1/3 1399/1/3
f 1404/1/3 1402/1/3 1401/1/3
f 1404/1/3 1401/1/3 1400/1/3
f 1406/1/3 1404/1/3 1403/1/3
f 1407/1/3 1402/1/3 1404/1/3
f 1407/1/3 1404/1/3 1406/1/3
f 1410/1/3 1406/1/3 1405/1/3
f 1410/1/3 1408/1/3 1407/1/3
f 1410/1/3 1407/1/3 1406/1/3
f 1411/1/3 1408/1/3 1410/1/3
f 1412/1/3 1408/1/3 1411/1/3
f 1414/1/3 1410/1/3 1409/1/3
f 1414/1/3 1411/1/3 1410/1/3
f 1415/1/3 1411/1/3 1414/1/3
f 1416/3/3 1412/3/3 1411/3/3
f 1416/1/3 1411/1/3 1415/1/3
f 1417/1/3 1408/1/3 1412/1/3
f 1417/3/3 1412/3/3 1416/3/3
f 1418/1/3 1408/1/3 1417/1/3
f 1419/1/3 1408/1/3 1418/1/3
f 1422/1/3 1415/1/3 1414/1/3
f 1422/1/3 1414/1/3 1413/1/3
f 1423/1/3 1415/1/3 1422/1/3
f 1424/3/3 1416/3/3 1415/3/3
f 1424/1/3 1415/1/3 1423/1/3
f 1424/3/3 1417/3/3 1416/3/3
f 1424/3/3 1418/3/3 1417/3/3
f 1425/1/3 1420/1/3 1419/1/3
f 1425/3/3 1418/3/3 1424/3/3
f 1425/1/3 1419/1/3 1418/1/3
f 1426/1/3 1420/1/3 1425/1/3
f 1428/1/3 1423/1/3 1422/1/3
f 1428/1/3 1422/1/3 1421/1/3
f 1429/1/3 1423/1/3 1428/1/3
f 1430/3/3 1424/3/3 1423/3/3
f 1430/1/3 1423/1/3 1429/1/3
f 1430/3/3 1426/3/3 1425/3/3
f 1430/3/3 1425/3/3 1424/3/3
f 1431/1/3 1420/1/3 1426/1/3
f 1431/3/3 1426/3/3 1430/3/3
f 1432/1/3 1420/1/3 1431/1/3
f 1434/1/3 1429/1/3 1428/1/3
f 1434/1/3 1428/1/3 1427/1/3
f 1435/1/3 1429/1/3 1434/1/3
f 1436/3/3 1430/3/3 1429/3/3
f 1436/1/3 1429/1/3 1435/1/3
f 1436/3/3 1432/3/3 1431/3/3
f 1436/3/3 1431/3/3 1430/3/3
f 1437/1/3 1420/1/3 1432/1/3
f 1437/3/3 1432/3/3 1436/3/3
f 1438/1/3 1420/1/3 1437/1/3
f 1439/1/3 1420/1/3 1438/1/3
f 1446/1/3 1435/1/3 1434/1/3
f 1446/1/3 1434/1/3 1433/1/3
f 1447/1/3 1435/1/3 1446/1/3
f 1448/3/3 1436/3/3 1435/3/3
f 1448/1/3 1435/1/3 1447/1/3
f 1448/3/3 1437/3/3 1436/3/3
f 1448/3/3 1438/3/3 1437/3/3
f 1449/1/3 1439/1/3 1438/1/3
f 1449/3/3 1438/3/3 1448/3/3
f 1449/1/3 1440/1/3 1439/1/3
f 1450/1/3 1440/1/3 1449/1/3
f 1451/2/3 1442/2/3 1441/2/3
f 1452/2/3 1442/2/3 1451/2/3
f 1453/2/3 1444/2/3 1443/2/3
f 1454/2/3 1444/2/3 1453/2/3
f 1456/1/3 1447/1/3 1446/1/3
f 1456/1/3 1446/1/3 1445/1/3
f 1457/1/3 1447/1/3 1456/1/3
f 1458/3/3 1448/3/3 1447/3/3
f 1458/1/3 1447/1/3 1457/1/3
f 1458/3/3 1449/3/3 1448/3/3
f 1458/3/3 1450/3/3 1449/3/3
f 1459/1/3 1440/1/3 1450/1/3
f 1459/3/3 1450/3/3 1458/3/3
f 1460/1/3 1440/1/3 1459/1/3
f 1462/1/3 1457/1/3 1456/1/3
f 1462/1/3 1456/1/3 1455/1/3
f 1463/1/3 1457/1/3 1462/1/3
f 1464/3/3 1460/3/3 1459/3/3
f 1464/1/3 1457/1/3 1463/1/3
f 1464/3/3 1458/3/3 1457/3/3
f 1464/3/3 1459/3/3 1458/3/3
f 1465/3/3 1460/3/3 1464/3/3
f 1466/1/3 1440/1/3 1460/1/3
f 1466/3/3 1460/3/3 1465/3/3
f 1467/1/3 1463/1/3 1462/1/3
f 1467/1/3 1462/1/3 1461/1/3
f 1468/3/3 1465/3/3 1464/3/3
f 1468/1/3 1463/1/3 1467/1/3
f 1468/3/3 1464/3/3 1463/3/3
f 1469/3/3 1465/3/3 1468/3/3
f 1470/1/3 1466/1/3 1465/1/3
f 1470/3/3 1465/3/3 1469/3/3
f 1471/1/3 1467/1/3 1461/1/3
f 1472/1/3 1467/1/3 1471/1/3
f 1473/1/3 1467/1/3 1472/1/3
f 1474/3/3 1469/3/3 1468/3/3
f 1474/1/3 1467/1/3 1473/1/3
f 1474/3/3 1468/3/3 1467/3/3
f 1475/3/3 1469/3/3 1474/3/3
f 1476/1/3 1470/1/3 1469/1/3
f 1476/3/3 1469/3/3 1475/3/3
f 1477/1/3 1466/1/3 1470/1/3
f 1477/1/3 1470/1/3 1476/1/3
f 1477/1/3 1440/1/3 1466/1/3
f 1479/1/3 1473/1/3 1472/1/3
f 1480/1/3 1473/1/3 1479/1/3
f 1481/1/3 1473/1/3 1480/1/3
f 1482/3/3 1474/3/3 1473/3/3
f 1482/1/3 1473/1/3 1481/1/3
f 1482/3/3 1475/3/3 1474/3/3
f 1483/3/3 1475/3/3 1482/3/3
f 1484/1/3 1476/1/3 1475/1/3
f 1484/3/3 1475/3/3 1483/3/3
f 1484/1/3 1478/1/3 1477/1/3
f 1484/1/3 1477/1/3 1476/1/3
f 1485/1/3 1481/1/3 1480/1/3
f 1486/1/3 1481/1/3 1485/1/3
f 1487/1/3 1481/1/3 1486/1/3
f 1488/3/3 1483/3/3 1482/3/3
f 1488/1/3 1481/1/3 1487/1/3
f 1488/3/3 1482/3/3 1481/3/3
f 1489/3/3 1483/3/3 1488/3/3
f 1490/1/3 1484/1/3 1483/1/3
f 1490/3/3 1483/3/3 1489/3/3
f 1491/1/3 1487/1/3 1486/1/3
f 1492/1/3 1487/1/3 1491/1/3
f 1493/1/3 1487/1/3 1492/1/3
f 1494/3/3 1489/3/3 1488/3/3
f 1494/1/3 1487/1/3 1493/1/3
f 1494/3/3 1488/3/3 1487/3/3
f 1495/3/3 1489/3/3 1494/3/3
f 1496/1/3 1490/1/3 1489/1/3
f 1496/3/3 1489/3/3 1495/3/3
f 1497/1/3 1493/1/3 1492/1/3
f 1498/1/3 1493/1/3 1497/1/3
f 1499/1/3 1493/1/3 1498/1/3
f 1500/3/3 1495/3/3 1494/3/3
f 1500/1/3 1493/1/3 1499/1/3
f 1500/3/3 1494/3/3 1493/3/3
f 1501/3/3 1495/3/3 1500/3/3
f 1502/1/3 1496/1/3 1495/1/3
f 1502/3/3 1495/3/3 1501/3/3
f 1503/1/3 1499/1/3 1498/1/3
f 1504/1/3 1499/1/3 1503/1/3
f 1505/1/3 1499/1/3 1504/1/3
f 1506/3/3 1501/3/3 1500/3/3
f 1506/1/3 1499/1/3 1505/1/3
f 1506/3/3 1500/3/3 1499/3/3
f 1507/3/3 1501/3/3 1506/3/3
f 1508/1/3 1502/1/3 1501/1/3
f 1508/3/3 1501/3/3 1507/3/3
f 1509/1/3 1505/1/3 1504/1/3
f 1510/1/3 1505/1/3 1509/1/3
f 1511/1/3 1505/1/3 1510/1/3
f 1512/3/3 1507/3/3 1506/3/3
f 1512/1/3 1505/1/3 1511/1/3
f 1512/3/3 1506/3/3 1505/3/3
f 1513/3/3 1507/3/3 1512/3/3
f 1514/1/3 1508/1/3 1507/1/3
f 1514/3/3 1507/3/3 1513/3/3
f 1515/1/3 1511/1/3 1510/1/3
f 1516/1/3 1511/1/3 1515/1/3
f 1517/1/3 1511/1/3 1516/1/3
f 1518/3/3 1513/3/3 1512/3/3
f 1518/1/3 1511/1/3 1517/1/3
f 1518/3/3 1512/3/3 1511/3/3
f 1519/3/3 1513/3/3 1518/3/3
f 1520/1/3 1514/1/3 1513/1/3
f 1520/3/3 1513/3/3 1519/3/3
f 1521/1/3 1517/1/3 1516/1/3
f 1522/1/3 1517/1/3 1521/1/3
f 1523/1/3 1517/1/3 1522/1/3
f 1524/3/3 1519/3/3 1518/3/3
f 1524/1/3 1517/1/3 1523/1/3
f 1524/3/3 1518/3/3 1517/3/3
f 1525/3/3 1519/3/3 1524/3/3
f 1526/1/3 1520/1/3 1519/1/3
f 1526/3/3 1519/3/3 1525/3/3
f 1528/1/3 1523/1/3 1522/1/3
f 1529/3/3 1525/3/3 1524/3/3
f 1529/3/3 1524/3/3 1523/3/3
f 1529/1/3 1523/1/3 1528/1/3
f 1530/3/3 1525/3/3 1529/3/3
f 1531/1/3 1526/1/3 1525/1/3
f 1531/3/3 1525/3/3 1530/3/3
f 1532/1/3 1520/1/3 1526/1/3
f 1532/1/3 1526/1/3 1531/1/3
f 1534/1/3 1530/1/3 1529/1/3
f 1534/1/3 1528/1/3 1527/1/3
f 1534/1/3 1529/1/3 1528/1/3
f 1535/3/3 1532/3/3 1531/3/3
f 1535/3/3 1531/3/3 1530/3/3
f 1535/1/3 1530/1/3 1534/1/3
f 1536/3/3 1532/3/3 1535/3/3
f 1537/1/3 1520/1/3 1532/1/3
f 1537/3/3 1532/3/3 1536/3/3
f 1538/1/3 1514/1/3 1520/1/3
f 1538/1/3 1520/1/3 1537/1/3
f 1540/1/3 1536/1/3 1535/1/3
f 1540/1/3 1534/1/3 1533/1/3
f 1540/1/3 1535/1/3 1534/1/3
f 1541/3/3 1537/3/3 1536/3/3
f 1541/3/3 1538/3/3 1537/3/3
f 1541/1/3 1536/1/3 1540/1/3
f 1542/3/3 1538/3/3 1541/3/3
f 1543/1/3 1514/1/3 1538/1/3
f 1543/3/3 1538/3/3 1542/3/3
f 1544/1/3 1508/1/3 1514/1/3
f 1544/1/3 1514/1/3 1543/1/3
f 1546/1/3 1540/1/3 1539/1/3
f 1546/1/3 1542/1/3 1541/1/3
f 1546/1/3 1541/1/3 1540/1/3
f 1547/3/3 1543/3/3 1542/3/3
f 1547/3/3 1544/3/3 1543/3/3
f 1547/1/3 1542/1/3 1546/1/3
f 1548/3/3 1544/3/3 1547/3/3
f 1549/1/3 1508/1/3 1544/1/3
f 1549/3/3 1544/3/3 1548/3/3
f 1550/1/3 1502/1/3 1508/1/3
f 1550/1/3 1508/1/3 1549/1/3
f 1552/1/3 1546/1/3 1545/1/3
f 1552/1/3 1548/1/3 1547/1/3
f 1552/1/3 1547/1/3 1546/1/3
f 1553/3/3 1549/3/3 1548/3/3
f 1553/3/3 1550/3/3 1549/3/3
f 1553/1/3 1548/1/3 1552/1/3
f 1554/3/3 1550/3/3 1553/3/3
f 1555/1/3 1502/1/3 1550/1/3
f 1555/3/3 1550/3/3 1554/3/3
f 1556/1/3 1496/1/3 1502/1/3
f 1556/1/3 1502/1/3 1555/1/3
f 1558/1/3 1552/1/3 1551/1/3
f 1558/1/3 1554/1/3 1553/1/3
f 1558/1/3 1553/1/3 1552/1/3
f 1559/3/3 1555/3/3 1554/3/3
f 1559/3/3 1556/3/3 1555/3/3
f 1559/1/3 1554/1/3 1558/1/3
f 1560/3/3 1556/3/3 1559/3/3
f 1561/1/3 1496/1/3 1556/1/3
f 1561/3/3 1556/3/3 1560/3/3
f 1562/1/3 1490/1/3 1496/1/3
f 1562/1/3 1496/1/3 1561/1/3
f 1564/1/3 1558/1/3 1557/1/3
f 1564/1/3 1560/1/3 1559/1/3
f 1564/1/3 1559/1/3 1558/1/3
f 1565/3/3 1561/3/3 1560/3/3
f 1565/3/3 1562/3/3 1561/3/3
f 1565/1/3 1560/1/3 1564/1/3
f 1566/3/3 1562/3/3 1565/3/3
f 1567/1/3 1490/1/3 1562/1/3
f 1567/3/3 1562/3/3 1566/3/3
f 1568/1/3 1484/1/3 1490/1/3
f 1568/1/3 1490/1/3 1567/1/3
f 1570/1/3 1566/1/3 1565/1/3
f 1570/1/3 1564/1/3 1563/1/3
f 1570/1/3 1565/1/3 1564/1/3
f 1571/3/3 1567/3/3 1566/3/3
f 1571/3/3 1568/3/3 1567/3/3
f 1571/1/3 1566/1/3 1570/1/3
f 1572/3/3 1568/3/3 1571/3/3
f 1573/1/3 1484/1/3 1568/1/3
f 1573/3/3 1568/3/3 1572/3/3
f 1574/1/3 1478/1/3 1484/1/3
f 1574/1/3 1484/1/3 1573/1/3
f 1576/1/3 1570/1/3 1569/1/3
f 1576/1/3 1572/1/3 1571/1/3
f 1576/1/3 1571/1/3 1570/1/3
f 1577/3/3 1573/3/3 1572/3/3
f 1577/3/3 1574/3/3 1573/3/3
f 1577/1/3 1572/1/3 1576/1/3
f 1578/3/3 1574/3/3 1577/3/3
f 1579/1/3 1478/1/3 1574/1/3
f 1579/3/3 1574/3/3 1578/3/3
f 1580/1/3 1478/1/3 1579/1/3
f 1581/1/3 1478/1/3 1580/1/3
f 1582/1/3 1478/1/3 1581/1/3
f 1583/1/3 1578/1/3 1577/1/3
f 1583/1/3 1576/1/3 1575/1/3
f 1583/1/3 1577/1/3 1576/1/3
f 1583/3/3 1580/3/3 1579/3/3
f 1583/3/3 1579/3/3 1578/3/3
f 1584/3/3 1580/3/3 1583/3/3
f 1585/1/3 1581/1/3 1580/1/3
f 1585/3/3 1580/3/3 1584/3/3
f 1586/1/3 1581/1/3 1585/1/3
f 1587/1/3 1584/1/3 1583/1/3
f 1587/1/3 1583/1/3 1575/1/3
f 1588/1/3 1584/1/3 1587/1/3
f 1589/3/3 1586/3/3 1585/3/3
f 1589/1/3 1584/1/3 1588/1/3
f 1589/3/3 1585/3/3 1584/3/3
f 1590/3/3 1586/3/3 1589/3/3
f 1591/1/3 1581/1/3 1586/1/3
f 1591/3/3 1586/3/3 1590/3/3
f 1592/1/3 1581/1/3 1591/1/3
f 1597/1/3 1590/1/3 1589/1/3
f 1597/1/3 1589/1/3 1588/1/3
f 1598/1/3 1590/1/3 1597/1/3
f 1599/3/3 1591/3/3 1590/3/3
f 1599/1/3 1590/1/3 1598/1/3
f 1599/3/3 1592/3/3 1591/3/3
f 1600/3/3 1592/3/3 1599/3/3
f 1601/3/3 1592/3/3 1600/3/3
f 1602/1/3 1581/1/3 1592/1/3
f 1602/3/3 1592/3/3 1601/3/3
f 1603/2/3 1594/2/3 1593/2/3
f 1604/2/3 1594/2/3 1603/2/3
f 1605/2/3 1596/2/3 1595/2/3
f 1606/2/3 1596/2/3 1605/2/3
f 1607/1/3 1599/1/3 1598/1/3
f 1607/1/3 1600/1/3 1599/1/3
f 1608/1/3 1600/1/3 1607/1/3
f 1609/3/3 1601/3/3 1600/3/3
f 1609/1/3 1600/1/3 1608/1/3
f 1610/3/3 1601/3/3 1609/3/3
f 1611/3/3 1601/3/3 1610/3/3
f 1612/1/3 1602/1/3 1601/1/3
f 1612/3/3 1601/3/3 1611/3/3
f 1613/1/3 1610/1/3 1609/1/3
f 1613/1/3 1609/1/3 1608/1/3
f 1614/1/3 1610/1/3 1613/1/3
f 1615/3/3 1611/3/3 1610/3/3
f 1615/1/3 1610/1/3 1614/1/3
f 1616/3/3 1611/3/3 1615/3/3
f 1617/3/3 1611/3/3 1616/3/3
f 1618/1/3 1612/1/3 1611/1/3
f 1618/3/3 1611/3/3 1617/3/3
f 1619/1/3 1602/1/3 1612/1/3
f 1619/1/3 1612/1/3 1618/1/3
f 1619/1/3 1581/1/3 1602/1/3
f 1620/1/3 1581/1/3 1619/1/3
f 1621/1/3 1616/1/3 1615/1/3
f 1621/1/3 1615/1/3 1614/1/3
f 1622/1/3 1616/1/3 1621/1/3
f 1623/3/3 1617/3/3 1616/3/3
f 1623/1/3 1616/1/3 1622/1/3
f 1624/3/3 1617/3/3 1623/3/3
f 1625/3/3 1617/3/3 1624/3/3
f 1626/1/3 1618/1/3 1617/1/3
f 1626/3/3 1617/3/3 1625/3/3
f 1626/1/3 1619/1/3 1618/1/3
f 1627/1/3 1624/1/3 1623/1/3
f 1627/1/3 1623/1/3 1622/1/3
f 1628/1/3 1624/1/3 1627/1/3
f 1629/3/3 1625/3/3 1624/3/3
f 1629/1/3 1624/1/3 1628/1/3
f 1630/3/3 1625/3/3 1629/3/3
f 1631/3/3 1625/3/3 1630/3/3
f 1632/1/3 1626/1/3 1625/1/3
f 1632/3/3 1625/3/3 1631/3/3
f 1633/1/3 1629/1/3 1628/1/3
f 1633/1/3 1630/1/3 1629/1/3
f 1634/1/3 1630/1/3 1633/1/3
f 1635/3/3 1631/3/3 1630/3/3
f 1635/1/3 1630/1/3 1634/1/3
f 1636/3/3 1631/3/3 1635/3/3
f 1637/3/3 1631/3/3 1636/3/3
f 1638/1/3 1632/1/3 1631/1/3
f 1638/3/3 1631/3/3 1637/3/3
f 1639/1/3 1626/1/3 1632/1/3
f 1639/1/3 1632/1/3 1638/1/3
f 1639/1/3 1619/1/3 1626/1/3
f 1640/1/3 1619/1/3 1639/1/3
f 1641/1/3 1636/1/3 1635/1/3
f 1641/1/3 1635/1/3 1634/1/3
f 1642/1/3 1636/1/3 1641/1/3
f 1643/3/3 1637/3/3 1636/3/3
f 1643/1/3 1636/1/3 1642/1/3
f 1644/1/3 1638/1/3 1637/1/3
f 1644/3/3 1637/3/3 1643/3/3
f 1644/1/3 1639/1/3 1638/1/3
f 1645/1/3 1643/1/3 1642/1/3
f 1645/1/3 1644/1/3 1643/1/3
f 1646/1/3 1644/1/3 1645/1/3
f 1647/1/3 1639/1/3 1644/1/3
f 1647/1/3 1644/1/3 1646/1/3
f 1648/1/3 1639/1/3 1647/1/3
f 1649/1/3 1647/1/3 1646/1/3
f 1650/1/3 1647/1/3 1649/1/3
f 1651/1/3 1647/1/3 1650/1/3
f 1652/1/3 1647/1/3 1651/1/3
f 1653/1/3 1647/1/3 1652/1/3
f 1654/1/3 1647/1/3 1653/1/3
f 1655/1/3 1653/1/3 1652/1/3
f 1656/1/3 1653/1/3 1655/1/3
f 1657/1/3 1653/1/3 1656/1/3
f 1658/1/3 1653/1/3 1657/1/3
f 1659/1/3 1657/1/3 1656/1/3
f 1660/1/3 1657/1/3 1659/1/3
f 1661/1/3 1657/1/3 1660/1/3
f 1662/1/3 1657/1/3 1661/1/3
f 1663/1/3 1661/1/3 1660/1/3
f 1664/1/3 1661/1/3 1663/1/3
f 1665/1/3 1661/1/3 1664/1/3
f 1666/1/3 1661/1/3 1665/1/3
f 1667/1/3 1665/1/3 1664/1/3
f 1668/1/3 1665/1/3 1667/1/3
f 1672/4/3 1670/4/3 1669/4/3
f 1674/4/3 1672/4/3 1671/4/3
f 1675/4/3 1674/4/3 1673/4/3
f 1676/4/3 1674/4/3 1675/4/3
f 1677/4/3 1674/4/3 1676/4/3
f 1678/4/3 1674/4/3 1677/4/3
f 1680/4/3 1674/4/3 1678/4/3
f 1682/4/3 1680/4/3 1679/4/3
f 1683/4/3 1682/4/3 1681/4/3
f 1684/4/3 1672/4/3 1674/4/3
f 1684/4/3 1682/4/3 1683/4/3
f 1684/4/3 1674/4/3 1680/4/3
f 1684/4/3 1680/4/3 1682/4/3
f 1685/4/3 1672/4/3 1684/4/3
f 1686/4/3 1670/4/3 1672/4/3
f 1686/4/3 1672/4/3 1685/4/3
f 1687/4/3 1670/4/3 1686/4/3
f 1688/4/3 1670/4/3 1687/4/3
f 1689/4/4 1690/4/4 1692/4/4
f 1691/4/4 1692/4/4 1694/4/4
f 1693/4/4 1694/4/4 1695/4/4
f 1695/4/4 1694/4/4 1696/4/4
f 1696/4/4 1694/4/4 1697/4/4
f 1697/4/4 1694/4/4 1698/4/4
f 1698/4/4 1694/4/4 1700/4/4
f 1699/4/4 1700/4/4 1702/4/4
f 1701/4/4 1702/4/4 1703/4/4
f 1694/4/4 1692/4/4 1704/4/4
f 1703/4/4 1702/4/4 1704/4/4
f 1700/4/4 1694/4/4 1704/4/4
f 1702/4/4 1700/4/4 1704/4/4
f 1704/4/4 1692/4/4 1705/4/4
f 1692/4/4 1690/4/4 1706/4/4
f 1705/4/4 1692/4/4 1706/4/4
f 1706/4/4 1690/4/4 1707/4/4
f 1707/4/4 1690/4/4 1708/4/4
f 1709/1/4 1710/1/4 1712/1/4
f 1712/1/4 1710/1/4 1713/1/4
f 1711/1/4 1712/1/4 1716/1/4
f 1713/1/4 1714/1/4 1716/1/4
f 1712/1/4 1713/1/4 1716/1/4
f 1716/1/4 1714/1/4 1717/1/4
f 1715/1/4 1716/1/4 1720/1/4
f 1717/1/4 1718/1/4 1720/1/4
f 1716/1/4 1717/1/4 1720/1/4
f 1720/1/4 1718/1/4 1721/1/4
f 1719/1/4 1720/1/4 1724/1/4
f 1721/1/4 1722/1/4 1724/1/4
f 1720/1/4 1721/1/4 1724/1/4
f 1724/1/4 1722/1/4 1725/1/4
f 1723/1/4 1724/1/4 1728/1/4
f 1725/1/4 1726/1/4 1728/1/4
f 1724/1/4 1725/1/4 1728/1/4
f 1727/1/4 1728/1/4 1730/1/4
f 1728/1/4 1726/1/4 1731/1/4
f 1730/1/4 1728/1/4 1731/1/4
f 1729/1/4 1730/1/4 1734/1/4
f 1731/1/4 1732/1/4 1734/1/4
f 1730/1/4 1731/1/4 1734/1/4
f 1734/1/4 1732/1/4 1735/1/4
f 1735/1/4 1732/1/4 1736/1/4
f 1733/1/4 1734/1/4 1738/1/4
f 1734/1/4 1735/1/4 1738/1/4
f 1738/1/4 1735/1/4 1739/1/4
f 1735/3/4 1736/3/4 1740/3/4
f 1739/1/4 1735/1/4 1740/1/4
f 1736/1/4 1732/1/4 1741/1/4
f 1740/3/4 1736/3/4 1741/3/4
f 1741/1/4 1732/1/4 1742/1/4
f 1742/1/4 1732/1/4 1743/1/4
f 1738/1/4 1739/1/4 1746/1/4
f 1737/1/4 1738/1/4 1746/1/4
f 1746/1/4 1739/1/4 1747/1/4
f 1739/3/4 1740/3/4 1748/3/4
f 1747/1/4 1739/1/4 1748/1/4
f 1740/3/4 1741/3/4 1748/3/4
f 1741/3/4 1742/3/4 1748/3/4
f 1743/1/4 1744/1/4 1749/1/4
f 1748/3/4 1742/3/4 1749/3/4
f 1742/1/4 1743/1/4 1749/1/4
f 1749/1/4 1744/1/4 1750/1/4
f 1746/1/4 1747/1/4 1752/1/4
f 1745/1/4 1746/1/4 1752/1/4
f 1752/1/4 1747/1/4 1753/1/4
f 1747/3/4 1748/3/4 1754/3/4
f 1753/1/4 1747/1/4 1754/1/4
f 1749/3/4 1750/3/4 1754/3/4
f 1748/3/4 1749/3/4 1754/3/4
f 1750/1/4 1744/1/4 1755/1/4
f 1754/3/4 1750/3/4 1755/3/4
f 1755/1/4 1744/1/4 1756/1/4
f 1752/1/4 1753/1/4 1758/1/4
f 1751/1/4 1752/1/4 1758/1/4
f 1758/1/4 1753/1/4 1759/1/4
f 1753/3/4 1754/3/4 1760/3/4
f 1759/1/4 1753/1/4 1760/1/4
f 1755/3/4 1756/3/4 1760/3/4
f 1754/3/4 1755/3/4 1760/3/4
f 1756/1/4 1744/1/4 1761/1/4
f 1760/3/4 1756/3/4 1761/3/4
f 1761/1/4 1744/1/4 1762/1/4
f 1762/1/4 1744/1/4 1763/1/4
f 1758/1/4 1759/1/4 1770/1/4
f 1757/1/4 1758/1/4 1770/1/4
f 1770/1/4 1759/1/4 1771/1/4
f 1759/3/4 1760/3/4 1772/3/4
f 1771/1/4 1759/1/4 1772/1/4
f 1760/3/4 1761/3/4 1772/3/4
f 1761/3/4 1762/3/4 1772/3/4
f 1762/1/4 1763/1/4 1773/1/4
f 1772/3/4 1762/3/4 1773/3/4
f 1763/1/4 1764/1/4 1773/1/4
f 1773/1/4 1764/1/4 1774/1/4
f 1765/2/4 1766/2/4 1775/2/4
f 1775/2/4 1766/2/4 1776/2/4
f 1767/2/4 1768/2/4 1777/2/4
f 1777/2/4 1768/2/4 1778/2/4
f 1770/1/4 1771/1/4 1780/1/4
f 1769/1/4 1770/1/4 1780/1/4
f 1780/1/4 1771/1/4 1781/1/4
f 1771/3/4 1772/3/4 1782/3/4
f 1781/1/4 1771/1/4 1782/1/4
f 1772/3/4 1773/3/4 1782/3/4
f 1773/3/4 1774/3/4 1782/3/4
f 1774/1/4 1764/1/4 1783/1/4
f 1782/3/4 1774/3/4 1783/3/4
f 1783/1/4 1764/1/4 1784/1/4
f 1780/1/4 1781/1/4 1786/1/4
f 1779/1/4 1780/1/4 1786/1/4
f 1786/1/4 1781/1/4 1787/1/4
f 1783/3/4 1784/3/4 1788/3/4
f 1787/1/4 1781/1/4 1788/1/4
f 1781/3/4 1782/3/4 1788/3/4
f 1782/3/4 1783/3/4 1788/3/4
f 1788/3/4 1784/3/4 1789/3/4
f 1784/1/4 1764/1/4 1790/1/4
f 1789/3/4 1784/3/4 1790/3/4
f 1786/1/4 1787/1/4 1791/1/4
f 1785/1/4 1786/1/4 1791/1/4
f 1788/3/4 1789/3/4 1792/3/4
f 1791/1/4 1787/1/4 1792/1/4
f 1787/3/4 1788/3/4 1792/3/4
f 1792/3/4 1789/3/4 1793/3/4
f 1789/1/4 1790/1/4 1794/1/4
f 1793/3/4 1789/3/4 1794/3/4
f 1785/1/4 1791/1/4 1795/1/4
f 1795/1/4 1791/1/4 1796/1/4
f 1796/1/4 1791/1/4 1797/1/4
f 1792/3/4 1793/3/4 1798/3/4
f 1797/1/4 1791/1/4 1798/1/4
f 1791/3/4 1792/3/4 1798/3/4
f 1798/3/4 1793/3/4 1799/3/4
f 1793/1/4 1794/1/4 1800/1/4
f 1799/3/4 1793/3/4 1800/3/4
f 1794/1/4 1790/1/4 1801/1/4
f 1800/1/4 1794/1/4 1801/1/4
f 1790/1/4 1764/1/4 1801/1/4
f 1796/1/4 1797/1/4 1803/1/4
f 1803/1/4 1797/1/4 1804/1/4
f 1804/1/4 1797/1/4 1805/1/4
f 1797/3/4 1798/3/4 1806/3/4
f 1805/1/4 1797/1/4 1806/1/4
f 1798/3/4 1799/3/4 1806/3/4
f 1806/3/4 1799/3/4 1807/3/4
f 1799/1/4 1800/1/4 1808/1/4
f 1807/3/4 1799/3/4 1808/3/4
f 1801/1/4 1802/1/4 1808/1/4
f 1800/1/4 1801/1/4 1808/1/4
f 1804/1/4 1805/1/4 1809/1/4
f 1809/1/4 1805/1/4 1810/1/4
f 1810/1/4 1805/1/4 1811/1/4
f 1806/3/4 1807/3/4 1812/3/4
f 1811/1/4 1805/1/4 1812/1/4
f 1805/3/4 1806/3/4 1812/3/4
f 1812/3/4 1807/3/4 1813/3/4
f 1807/1/4 1808/1/4 1814/1/4
f 1813/3/4 1807/3/4 1814/3/4
f 1810/1/4 1811/1/4 1815/1/4
f 1815/1/4 1811/1/4 1816/1/4
f 1816/1/4 1811/1/4 1817/1/4
f 1812/3/4 1813/3/4 1818/3/4
f 1817/1/4 1811/1/4 1818/1/4
f 1811/3/4 1812/3/4 1818/3/4
f 1818/3/4 1813/3/4 1819/3/4
f 1813/1/4 1814/1/4 1820/1/4
f 1819/3/4 1813/3/4 1820/3/4
f 1816/1/4 1817/1/4 1821/1/4
f 1821/1/4 1817/1/4 1822/1/4
f 1822/1/4 1817/1/4 1823/1/4
f 1818/3/4 1819/3/4 1824/3/4
f 1823/1/4 1817/1/4 1824/1/4
f 1817/3/4 1818/3/4 1824/3/4
f 1824/3/4 1819/3/4 1825/3/4
f 1819/1/4 1820/1/4 1826/1/4
f 1825/3/4 1819/3/4 1826/3/4
f 1822/1/4 1823/1/4 1827/1/4
f 1827/1/4 1823/1/4 1828/1/4
f 1828/1/4 1823/1/4 1829/1/4
f 1824/3/4 1825/3/4 1830/3/4
f 1829/1/4 1823/1/4 1830/1/4
f 1823/3/4 1824/3/4 1830/3/4
f 1830/3/4 1825/3/4 1831/3/4
f 1825/1/4 1826/1/4 1832/1/4
f 1831/3/4 1825/3/4 1832/3/4
f 1828/1/4 1829/1/4 1833/1/4
f 1833/1/4 1829/1/4 1834/1/4
f 1834/1/4 1829/1/4 1835/1/4
f 1830/3/4 1831/3/4 1836/3/4
f 1835/1/4 1829/1/4 1836/1/4
f 1829/3/4 1830/3/4 1836/3/4
f 1836/3/4 1831/3/4 1837/3/4
f 1831/1/4 1832/1/4 1838/1/4
f 1837/3/4 1831/3/4 1838/3/4
f 1834/1/4 1835/1/4 1839/1/4
f 1839/1/4 1835/1/4 1840/1/4
f 1840/1/4 1835/1/4 1841/1/4
f 1836/3/4 1837/3/4 1842/3/4
f 1841/1/4 1835/1/4 1842/1/4
f 1835/3/4 1836/3/4 1842/3/4
f 1842/3/4 1837/3/4 1843/3/4
f 1837/1/4 1838/1/4 1844/1/4
f 1843/3/4 1837/3/4 1844/3/4
f 1840/1/4 1841/1/4 1845/1/4
f 1845/1/4 1841/1/4 1846/1/4
f 1846/1/4 1841/1/4 1847/1/4
f 1842/3/4 1843/3/4 1848/3/4
f 1847/1/4 1841/1/4 1848/1/4
f 1841/3/4 1842/3/4 1848/3/4
f 1848/3/4 1843/3/4 1849/3/4
f 1843/1/4 1844/1/4 1850/1/4
f 1849/3/4 1843/3/4 1850/3/4
f 1846/1/4 1847/1/4 1852/1/4
f 1848/3/4 1849/3/4 1853/3/4
f 1847/3/4 1848/3/4 1853/3/4
f 1852/1/4 1847/1/4 1853/1/4
f 1853/3/4 1849/3/4 1854/3/4
f 1849/1/4 1850/1/4 1855/1/4
f 1854/3/4 1849/3/4 1855/3/4
f 1850/1/4 1844/1/4 1856/1/4
f 1855/1/4 1850/1/4 1856/1/4
f 1853/1/4 1854/1/4 1858/1/4
f 1851/1/4 1852/1/4 1858/1/4
f 1852/1/4 1853/1/4 1858/1/4
f 1855/3/4 1856/3/4 1859/3/4
f 1854/3/4 1855/3/4 1859/3/4
f 1858/1/4 1854/1/4 1859/1/4
f 1859/3/4 1856/3/4 1860/3/4
f 1856/1/4 1844/1/4 1861/1/4
f 1860/3/4 1856/3/4 1861/3/4
f 1844/1/4 1838/1/4 1862/1/4
f 1861/1/4 1844/1/4 1862/1/4
f 1859/1/4 1860/1/4 1864/1/4
f 1857/1/4 1858/1/4 1864/1/4
f 1858/1/4 1859/1/4 1864/1/4
f 1860/3/4 1861/3/4 1865/3/4
f 1861/3/4 1862/3/4 1865/3/4
f 1864/1/4 1860/1/4 1865/1/4
f 1865/3/4 1862/3/4 1866/3/4
f 1862/1/4 1838/1/4 1867/1/4
f 1866/3/4 1862/3/4 1867/3/4
f 1838/1/4 1832/1/4 1868/1/4
f 1867/1/4 1838/1/4 1868/1/4
f 1863/1/4 1864/1/4 1870/1/4
f 1865/1/4 1866/1/4 1870/1/4
f 1864/1/4 1865/1/4 1870/1/4
f 1866/3/4 1867/3/4 1871/3/4
f 1867/3/4 1868/3/4 1871/3/4
f 1870/1/4 1866/1/4 1871/1/4
f 1871/3/4 1868/3/4 1872/3/4
f 1868/1/4 1832/1/4 1873/1/4
f 1872/3/4 1868/3/4 1873/3/4
f 1832/1/4 1826/1/4 1874/1/4
f 1873/1/4 1832/1/4 1874/1/4
f 1869/1/4 1870/1/4 1876/1/4
f 1871/1/4 1872/1/4 1876/1/4
f 1870/1/4 1871/1/4 1876/1/4
f 1872/3/4 1873/3/4 1877/3/4
f 1873/3/4 1874/3/4 1877/3/4
f 1876/1/4 1872/1/4 1877/1/4
f 1877/3/4 1874/3/4 1878/3/4
f 1874/1/4 1826/1/4 1879/1/4
f 1878/3/4 1874/3/4 1879/3/4
f 1826/1/4 1820/1/4 1880/1/4
f 1879/1/4 1826/1/4 1880/1/4
f 1875/1/4 1876/1/4 1882/1/4
f 1877/1/4 1878/1/4 1882/1/4
f 1876/1/4 1877/1/4 1882/1/4
f 1878/3/4 1879/3/4 1883/3/4
f 1879/3/4 1880/3/4 1883/3/4
f 1882/1/4 1878/1/4 1883/1/4
f 1883/3/4 1880/3/4 1884/3/4
f 1880/1/4 1820/1/4 1885/1/4
f 1884/3/4 1880/3/4 1885/3/4
f 1820/1/4 1814/1/4 1886/1/4
f 1885/1/4 1820/1/4 1886/1/4
f 1881/1/4 1882/1/4 1888/1/4
f 1883/1/4 1884/1/4 1888/1/4
f 1882/1/4 1883/1/4 1888/1/4
f 1884/3/4 1885/3/4 1889/3/4
f 1885/3/4 1886/3/4 1889/3/4
f 1888/1/4 1884/1/4 1889/1/4
f 1889/3/4 1886/3/4 1890/3/4
f 1886/1/4 1814/1/4 1891/1/4
f 1890/3/4 1886/3/4 1891/3/4
f 1814/1/4 1808/1/4 1892/1/4
f 1891/1/4 1814/1/4 1892/1/4
f 1889/1/4 1890/1/4 1894/1/4
f 1887/1/4 1888/1/4 1894/1/4
f 1888/1/4 1889/1/4 1894/1/4
f 1890/3/4 1891/3/4 1895/3/4
f 1891/3/4 1892/3/4 1895/3/4
f 1894/1/4 1890/1/4 1895/1/4
f 1895/3/4 1892/3/4 1896/3/4
f 1892/1/4 1808/1/4 1897/1/4
f 1896/3/4 1892/3/4 1897/3/4
f 1808/1/4 1802/1/4 1898/1/4
f 1897/1/4 1808/1/4 1898/1/4
f 1893/1/4 1894/1/4 1900/1/4
f 1895/1/4 1896/1/4 1900/1/4
f 1894/1/4 1895/1/4 1900/1/4
f 1896/3/4 1897/3/4 1901/3/4
f 1897/3/4 1898/3/4 1901/3/4
f 1900/1/4 1896/1/4 1901/1/4
f 1901/3/4 1898/3/4 1902/3/4
f 1898/1/4 1802/1/4 1903/1/4
f 1902/3/4 1898/3/4 1903/3/4
f 1903/1/4 1802/1/4 1904/1/4
f 1904/1/4 1802/1/4 1905/1/4
f 1905/1/4 1802/1/4 1906/1/4
f 1901/1/4 1902/1/4 1907/1/4
f 1899/1/4 1900/1/4 1907/1/4
f 1900/1/4 1901/1/4 1907/1/4
f 1903/3/4 1904/3/4 1907/3/4
f 1902/3/4 1903/3/4 1907/3/4
f 1907/3/4 1904/3/4 1908/3/4
f 1904/1/4 1905/1/4 1909/1/4
f 1908/3/4 1904/3/4 1909/3/4
f 1909/1/4 1905/1/4 1910/1/4
f 1907/1/4 1908/1/4 1911/1/4
f 1899/1/4 1907/1/4 1911/1/4
f 1911/1/4 1908/1/4 1912/1/4
f 1909/3/4 1910/3/4 1913/3/4
f 1912/1/4 1908/1/4 1913/1/4
f 1908/3/4 1909/3/4 1913/3/4
f 1913/3/4 1910/3/4 1914/3/4
f 1910/1/4 1905/1/4 1915/1/4
f 1914/3/4 1910/3/4 1915/3/4
f 1915/1/4 1905/1/4 1916/1/4
f 1913/1/4 1914/1/4 1921/1/4
f 1912/1/4 1913/1/4 1921/1/4
f 1921/1/4 1914/1/4 1922/1/4
f 1914/3/4 1915/3/4 1923/3/4
f 1922/1/4 1914/1/4 1923/1/4
f 1915/3/4 1916/3/4 1923/3/4
f 1923/3/4 1916/3/4 1924/3/4
f 1924/3/4 1916/3/4 1925/3/4
f 1916/1/4 1905/1/4 1926/1/4
f 1925/3/4 1916/3/4 1926/3/4
f 1917/2/4 1918/2/4 1927/2/4
f 1927/2/4 1918/2/4 1928/2/4
f 1919/2/4 1920/2/4 1929/2/4
f 1929/2/4 1920/2/4 1930/2/4
f 1922/1/4 1923/1/4 1931/1/4
f 1923/1/4 1924/1/4 1931/1/4
f 1931/1/4 1924/1/4 1932/1/4
f 1924/3/4 1925/3/4 1933/3/4
f 1932/1/4 1924/1/4 1933/1/4
f 1933/3/4 1925/3/4 1934/3/4
f 1934/3/4 1925/3/4 1935/3/4
f 1925/1/4 1926/1/4 1936/1/4
f 1935/3/4 1925/3/4 1936/3/4
f 1933/1/4 1934/1/4 1937/1/4
f 1932/1/4 1933/1/4 1937/1/4
f 1937/1/4 1934/1/4 1938/1/4
f 1934/3/4 1935/3/4 1939/3/4
f 1938/1/4 1934/1/4 1939/1/4
f 1939/3/4 1935/3/4 1940/3/4
f 1940/3/4 1935/3/4 1941/3/4
f 1935/1/4 1936/1/4 1942/1/4
f 1941/3/4 1935/3/4 1942/3/4
f 1936/1/4 1926/1/4 1943/1/4
f 1942/1/4 1936/1/4 1943/1/4
f 1926/1/4 1905/1/4 1943/1/4
f 1943/1/4 1905/1/4 1944/1/4
f 1939/1/4 1940/1/4 1945/1/4
f 1938/1/4 1939/1/4 1945/1/4
f 1945/1/4 1940/1/4 1946/1/4
f 1940/3/4 1941/3/4 1947/3/4
f 1946/1/4 1940/1/4 1947/1/4
f 1947/3/4 1941/3/4 1948/3/4
f 1948/3/4 1941/3/4 1949/3/4
f 1941/1/4 1942/1/4 1950/1/4
f 1949/3/4 1941/3/4 1950/3/4
f 1942/1/4 1943/1/4 1950/1/4
f 1947/1/4 1948/1/4 1951/1/4
f 1946/1/4 1947/1/4 1951/1/4
f 1951/1/4 1948/1/4 1952/1/4
f 1948/3/4 1949/3/4 1953/3/4
f 1952/1/4 1948/1/4 1953/1/4
f 1953/3/4 1949/3/4 1954/3/4
f 1954/3/4 1949/3/4 1955/3/4
f 1949/1/4 1950/1/4 1956/1/4
f 1955/3/4 1949/3/4 1956/3/4
f 1952/1/4 1953/1/4 1957/1/4
f 1953/1/4 1954/1/4 1957/1/4
f 1957/1/4 1954/1/4 1958/1/4
f 1954/3/4 1955/3/4 1959/3/4
f 1958/1/4 1954/1/4 1959/1/4
f 1959/3/4 1955/3/4 1960/3/4
f 1960/3/4 1955/3/4 1961/3/4
f 1955/1/4 1956/1/4 1962/1/4
f 1961/3/4 1955/3/4 1962/3/4
f 1956/1/4 1950/1/4 1963/1/4
f 1962/1/4 1956/1/4 1963/1/4
f 1950/1/4 1943/1/4 1963/1/4
f 1963/1/4 1943/1/4 1964/1/4
f 1959/1/4 1960/1/4 1965/1/4
f 1958/1/4 1959/1/4 1965/1/4
f 1965/1/4 1960/1/4 1966/1/4
f 1960/3/4 1961/3/4 1967/3/4
f 1966/1/4 1960/1/4 1967/1/4
f 1961/1/4 1962/1/4 1968/1/4
f 1967/3/4 1961/3/4 1968/3/4
f 1962/1/4 1963/1/4 1968/1/4
f 1966/1/4 1967/1/4 1969/1/4
f 1967/1/4 1968/1/4 1969/1/4
f 1969/1/4 1968/1/4 1970/1/4
f 1968/1/4 1963/1/4 1971/1/4
f 1970/1/4 1968/1/4 1971/1/4
f 1971/1/4 1963/1/4 1972/1/4
f 1970/1/4 1971/1/4 1973/1/4
f 1973/1/4 1971/1/4 1974/1/4
f 1974/1/4 1971/1/4 1975/1/4
f 1975/1/4 1971/1/4 1976/1/4
f 1976/1/4 1971/1/4 1977/1/4
f 1977/1/4 1971/1/4 1978/1/4
f 1976/1/4 1977/1/4 1979/1/4
f 1979/1/4 1977/1/4 1980/1/4
f 1980/1/4 1977/1/4 1981/1/4
f 1981/1/4 1977/1/4 1982/1/4
f 1980/1/4 1981/1/4 1983/1/4
f 1983/1/4 1981/1/4 1984/1/4
f 1984/1/4 1981/1/4 1985/1/4
f 1985/1/4 1981/1/4 1986/1/4
f 1984/1/4 1985/1/4 1987/1/4
f 1987/1/4 1985/1/4 1988/1/4
f 1988/1/4 1985/1/4 1989/1/4
f 1989/1/4 1985/1/4 1990/1/4
f 1988/1/4 1989/1/4 1991/1/4
f 1991/1/4 1989/1/4 1992/1/4
f 1993/2/4 1994/2/4 1998/2/4
f 1998/2/4 1994/2/4 1999/2/4
f 1995/2/4 1996/2/4 2000/2/4
f 2000/2/4 1996/2/4 2001/2/4
f 1997/2/4 1998/2/4 2003/2/4
f 2003/2/4 1998/2/4 2004/2/4
f 2001/2/4 2002/2/4 2005/2/4
f 2005/2/4 2002/2/4 2006/2/4
f 2007/4/4 2008/4/4 2012/4/4
f 2009/4/4 2010/4/4 2013/4/4
f 2011/4/4 2012/4/4 2016/4/4
f 2013/4/4 2014/4/4 2017/4/4
f 2009/4/4 2013/4/4 2019/4/4
f 2017/4/4 2018/4/4 2019/4/4
f 2013/4/4 2017/4/4 2019/4/4
f 2019/4/4 2018/4/4 2020/4/4
f 2020/4/4 2018/4/4 2021/4/4
f 2015/4/4 2016/4/4 2023/4/4
f 2023/4/4 2016/4/4 2024/4/4
f 2016/4/4 2012/4/4 2025/4/4
f 2024/4/4 2016/4/4 2025/4/4
f 2025/4/4 2012/4/4 2026/4/4
f 2021/4/4 2022/4/4 2027/4/4
f 2020/4/4 2021/4/4 2027/4/4
f 2027/4/4 2022/4/4 2028/4/4
f 2028/4/4 2022/4/4 2029/4/4
f 2024/4/4 2025/4/4 2031/4/4
f 2031/4/4 2025/4/4 2032/4/4
f 2026/4/4 2012/4/4 2033/4/4
f 2033/4/4 2012/4/4 2034/4/4
f 2029/4/4 2030/4/4 2035/4/4
f 2028/4/4 2029/4/4 2035/4/4
f 2035/4/4 2030/4/4 2036/4/4
f 2036/4/4 2030/4/4 2037/4/4
f 2024/4/4 2031/4/4 2039/4/4
f 2039/4/4 2031/4/4 2040/4/4
f 2040/4/4 2031/4/4 2041/4/4
f 2041/4/4 2031/4/4 2042/4/4
f 2034/4/4 2012/4/4 2043/4/4
f 2012/4/4 2008/4/4 2044/4/4
f 2043/4/4 2012/4/4 2044/4/4
f 2037/4/4 2038/4/4 2045/4/4
f 2036/4/4 2037/4/4 2045/4/4
f 2045/4/4 2038/4/4 2046/4/4
f 2046/4/4 2038/4/4 2047/4/4
f 2040/4/4 2041/4/4 2049/4/4
f 2049/4/4 2041/4/4 2050/4/4
f 2044/4/4 2008/4/4 2051/4/4
f 2051/4/4 2008/4/4 2052/4/4
f 2047/4/4 2048/4/4 2053/4/4
f 2046/4/4 2047/4/4 2053/4/4
f 2053/4/4 2048/4/4 2054/4/4
f 2054/4/4 2048/4/4 2055/4/4
f 2040/4/4 2049/4/4 2057/4/4
f 2057/4/4 2049/4/4 2058/4/4
f 2052/4/4 2008/4/4 2059/4/4
f 2059/4/4 2008/4/4 2060/4/4
f 2055/4/4 2056/4/4 2061/4/4
f 2054/4/4 2055/4/4 2061/4/4
f 2061/4/4 2056/4/4 2062/4/4
f 2062/4/4 2056/4/4 2063/4/4
f 2040/4/4 2057/4/4 2065/4/4
f 2060/4/4 2008/4/4 2068/4/4
f 2063/4/4 2064/4/4 2070/4/4
f 2062/4/4 2063/4/4 2070/4/4
f 2070/4/4 2064/4/4 2071/4/4
f 2071/4/4 2064/4/4 2072/4/4
f 2065/4/4 2066/4/4 2073/4/4
f 2067/4/4 2068/4/4 2076/4/4
f 2069/4/4 2070/4/4 2078/4/4
f 2070/4/4 2071/4/4 2078/4/4
f 2078/4/4 2071/4/4 2079/4/4
f 2079/4/4 2071/4/4 2080/4/4
f 2073/4/4 2074/4/4 2082/4/4
f 2040/4/4 2065/4/4 2082/4/4
f 2065/4/4 2073/4/4 2082/4/4
f 2082/4/4 2074/4/4 2083/4/4
f 2075/4/4 2076/4/4 2086/4/4
f 2078/4/4 2079/4/4 2088/4/4
f 2077/4/4 2078/4/4 2088/4/4
f 2088/4/4 2079/4/4 2089/4/4
f 2089/4/4 2079/4/4 2090/4/4
f 2083/4/4 2084/4/4 2091/4/4
f 2081/4/4 2082/4/4 2091/4/4
f 2082/4/4 2083/4/4 2091/4/4
f 2085/4/4 2086/4/4 2094/4/4
f 2088/4/4 2089/4/4 2096/4/4
f 2087/4/4 2088/4/4 2096/4/4
f 2096/4/4 2089/4/4 2097/4/4
f 2097/4/4 2089/4/4 2098/4/4
f 2091/4/4 2092/4/4 2100/4/4
f 2081/4/4 2091/4/4 2100/4/4
f 2100/4/4 2092/4/4 2101/4/4
f 2093/4/4 2094/4/4 2102/4/4
f 2096/4/4 2097/4/4 2104/4/4
f 2095/4/4 2096/4/4 2104/4/4
f 2104/4/4 2097/4/4 2105/4/4
f 2105/4/4 2097/4/4 2106/4/4
f 2103/4/4 2104/4/4 2108/4/4
f 2104/4/4 2105/4/4 2108/4/4
f 2108/4/4 2105/4/4 2109/4/4
f 2109/4/4 2105/4/4 2110/4/4
f 2100/4/4 2101/4/4 2111/4/4
f 2101/4/4 2102/4/4 2111/4/4
f 2099/4/4 2100/4/4 2111/4/4
f 2111/4/4 2102/4/4 2112/4/4
f 2108/4/4 2109/4/4 2113/4/4
f 2107/4/4 2108/4/4 2113/4/4
f 2113/4/4 2109/4/4 2114/4/4
f 2112/4/4 2102/4/4 2115/4/4
f 2086/4/4 2076/4/4 2116/4/4
f 2115/4/4 2102/4/4 2116/4/4
f 2094/4/4 2086/4/4 2116/4/4
f 2102/4/4 2094/4/4 2116/4/4
f 2107/4/4 2113/4/4 2117/4/4
f 2117/4/4 2113/4/4 2118/4/4
f 2116/4/4 2076/4/4 2119/4/4
f 2068/4/4 2008/4/4 2120/4/4
f 2119/4/4 2076/4/4 2120/4/4
f 2076/4/4 2068/4/4 2120/4/4
f 2107/4/4 2117/4/4 2121/4/4
f 2121/4/4 2117/4/4 2122/4/4
f 2123/2/4 2124/2/4 2127/2/4
f 2127/2/4 2124/2/4 2128/2/4
f 2125/2/4 2126/2/4 2131/2/4
f 2131/2/4 2126/2/4 2132/2/4
f 2128/2/4 2129/2/4 2133/2/4
f 2133/2/4 2129/2/4 2134/2/4
f 2130/2/4 2131/2/4 2135/2/4
f 2135/2/4 2131/2/4 2136/2/4
f 2137/2/4 2138/2/4 2140/2/4
f 2140/2/4 2138/2/4 2141/2/4
f 2139/2/4 2140/2/4 2144/2/4
f 2141/2/4 2142/2/4 2144/2/4
f 2140/2/4 2141/2/4 2144/2/4
f 2144/2/4 2142/2/4 2145/2/4
f 2145/2/4 2142/2/4 2146/2/4
f 2146/2/4 2142/2/4 2147/2/4
f 2143/2/4 2144/2/4 2149/2/4
f 2144/2/4 2145/2/4 2149/2/4
f 2149/2/4 2145/2/4 2150/2/4
f 2147/2/4 2148/2/4 2151/2/4
f 2146/2/4 2147/2/4 2151/2/4
f 2151/2/4 2148/2/4 2152/2/4
f 2143/2/4 2149/2/4 2153/2/4
f 2152/2/4 2148/2/4 2156/2/4
f 2153/2/4 2154/2/4 2157/2/4
f 2155/2/4 2156/2/4 2158/2/4
f 2156/2/4 2148/2/4 2159/2/4
f 2157/2/4 2158/2/4 2159/2/4
f 2158/2/4 2156/2/4 2159/2/4
f 2159/5/4 2160/5/4 2163/5/4
f 2161/5/4 2162/5/4 2166/5/4
f 2166/5/4 2162/5/4 2167/5/4
f 2163/5/4 2164/5/4 2169/5/4
f 2165/5/4 2166/5/4 2172/5/4
f 2172/5/4 2166/5/4 2173/5/4
f 2167/5/4 2168/5/4 2174/5/4
f 2174/5/4 2168/5/4 2175/5/4
f 2153/2/4 2157/2/4 2177/2/4
f 2157/2/4 2159/2/4 2177/2/4
f 2177/2/4 2159/2/4 2178/2/4
f 2169/5/4 2170/5/4 2179/5/4
f 2171/5/4 2172/5/4 2182/5/4
f 2182/5/4 2172/5/4 2183/5/4
f 2175/5/4 2176/5/4 2184/5/4
f 2184/5/4 2176/5/4 2185/5/4
f 2143/2/4 2153/2/4 2187/2/4
f 2153/2/4 2177/2/4 2187/2/4
f 2187/2/4 2177/2/4 2188/2/4
f 2178/2/4 2159/2/4 2189/2/4
f 2189/2/4 2159/2/4 2190/2/4
f 2179/5/4 2180/5/4 2191/5/4
f 2181/5/4 2182/5/4 2194/5/4
f 2194/5/4 2182/5/4 2195/5/4
f 2185/5/4 2186/5/4 2196/5/4
f 2196/5/4 2186/5/4 2197/5/4
f 2143/2/4 2187/2/4 2199/2/4
f 2199/2/4 2187/2/4 2200/2/4
f 2190/2/4 2159/2/4 2201/2/4
f 2201/2/4 2159/2/4 2202/2/4
f 2191/5/4 2192/5/4 2203/5/4
f 2193/5/4 2194/5/4 2205/5/4
f 2205/5/4 2194/5/4 2206/5/4
f 2197/5/4 2198/5/4 2209/5/4
f 2209/5/4 2198/5/4 2210/5/4
f 2143/2/4 2199/2/4 2211/2/4
f 2202/2/4 2159/2/4 2214/2/4
f 2203/5/4 2204/5/4 2215/5/4
f 2191/5/4 2203/5/4 2215/5/4
f 2215/5/4 2204/5/4 2216/5/4
f 2206/5/4 2207/5/4 2217/5/4
f 2217/5/4 2207/5/4 2218/5/4
f 2208/5/4 2209/5/4 2221/5/4
f 2221/5/4 2209/5/4 2222/5/4
f 2211/2/4 2212/2/4 2223/2/4
f 2213/2/4 2214/2/4 2226/2/4
f 2179/5/4 2191/5/4 2227/5/4
f 2191/5/4 2215/5/4 2227/5/4
f 2227/5/4 2215/5/4 2228/5/4
f 2218/5/4 2219/5/4 2229/5/4
f 2229/5/4 2219/5/4 2230/5/4
f 2220/5/4 2221/5/4 2233/5/4
f 2233/5/4 2221/5/4 2234/5/4
f 2223/2/4 2224/2/4 2235/2/4
f 2225/2/4 2226/2/4 2236/2/4
f 2169/5/4 2179/5/4 2237/5/4
f 2179/5/4 2227/5/4 2237/5/4
f 2237/5/4 2227/5/4 2238/5/4
f 2230/5/4 2231/5/4 2239/5/4
f 2239/5/4 2231/5/4 2240/5/4
f 2232/5/4 2233/5/4 2241/5/4
f 2241/5/4 2233/5/4 2242/5/4
f 2163/5/4 2169/5/4 2243/5/4
f 2169/5/4 2237/5/4 2243/5/4
f 2243/5/4 2237/5/4 2244/5/4
f 2240/5/4 2241/5/4 2245/5/4
f 2245/5/4 2241/5/4 2246/5/4
f 2159/5/4 2163/5/4 2247/5/4
f 2163/5/4 2243/5/4 2247/5/4
f 2247/5/4 2243/5/4 2248/5/4
f 2214/2/4 2159/2/4 2249/2/4
f 2235/2/4 2236/2/4 2249/2/4
f 2159/5/4 2247/5/4 2249/5/4
f 2226/2/4 2214/2/4 2249/2/4
f 2236/2/4 2226/2/4 2249/2/4
f 2249/5/4 2247/5/4 2250/5/4
f 2223/2/4 2235/2/4 2251/2/4
f 2235/2/4 2249/2/4 2251/2/4
f 2251/2/4 2249/2/4 2252/2/4
f 2211/2/4 2223/2/4 2253/2/4
f 2223/2/4 2251/2/4 2253/2/4
f 2253/2/4 2251/2/4 2254/2/4
f 2252/2/4 2249/2/4 2255/2/4
f 2255/2/4 2249/2/4 2256/2/4
f 2211/2/4 2253/2/4 2257/2/4
f 2256/2/4 2249/2/4 2260/2/4
f 2143/2/4 2211/2/4 2261/2/4
f 2257/2/4 2258/2/4 2261/2/4
f 2211/2/4 2257/2/4 2261/2/4
f 2261/2/4 2258/2/4 2262/2/4
f 2262/2/4 2258/2/4 2263/2/4
f 2259/2/4 2260/2/4 2264/2/4
f 2260/2/4 2249/2/4 2265/2/4
f 2264/2/4 2260/2/4 2265/2/4
f 2265/2/4 2249/2/4 2266/2/4
f 2262/2/4 2263/2/4 2267/2/4
f 2263/2/4 2264/2/4 2267/2/4
f 2264/2/4 2265/2/4 2267/2/4
f 2267/2/4 2265/2/4 2268/2/4
f 2268/2/4 2265/2/4 2269/2/4
f 2269/2/4 2265/2/4 2270/2/4
f 2268/2/4 2269/2/4 2271/2/4
f 2271/2/4 2269/2/4 2272/2/4
f 2273/5/4 2274/5/4 2276/5/4
f 2276/5/4 2274/5/4 2277/5/4
f 2275/5/4 2276/5/4 2279/5/4
f 2277/5/4 2278/5/4 2279/5/4
f 2276/5/4 2277/5/4 2279/5/4
f 2279/5/4 2278/5/4 2280/5/4
f 2280/5/4 2278/5/4 2281/5/4
f 2281/5/4 2278/5/4 2282/5/4
f 2280/5/4 2281/5/4 2283/5/4
f 2283/5/4 2281/5/4 2284/5/4
f 2285/5/4 2286/5/4 2288/5/4
f 2288/5/4 2286/5/4 2289/5/4
f 2287/5/4 2288/5/4 2294/5/4
f 2288/5/4 2289/5/4 2294/5/4
f 2289/5/4 2290/5/4 2294/5/4
f 2294/5/4 2290/5/4 2295/5/4
f 2291/5/4 2292/5/4 2298/5/4
f 2298/5/4 2292/5/4 2299/5/4
f 2295/5/4 2296/5/4 2302/5/4
f 2293/5/4 2294/5/4 2302/5/4
f 2294/5/4 2295/5/4 2302/5/4
f 2302/5/4 2296/5/4 2303/5/4
f 2298/5/4 2299/5/4 2306/5/4
f 2299/5/4 2300/5/4 2306/5/4
f 2297/5/4 2298/5/4 2306/5/4
f 2306/5/4 2300/5/4 2307/5/4
f 2303/5/4 2304/5/4 2309/5/4
f 2302/5/4 2303/5/4 2309/5/4
f 2301/5/4 2302/5/4 2309/5/4
f 2309/5/4 2304/5/4 2310/5/4
f 2310/5/4 2304/5/4 2311/5/4
f 2311/5/4 2304/5/4 2312/5/4
f 2306/5/4 2307/5/4 2313/5/4
f 2307/5/4 2308/5/4 2313/5/4
f 2305/5/4 2306/5/4 2313/5/4
f 2313/5/4 2308/5/4 2314/5/4
f 2314/5/4 2308/5/4 2315/5/4
f 2315/5/4 2308/5/4 2316/5/4
f 2310/5/4 2311/5/4 2317/5/4
f 2317/5/4 2311/5/4 2318/5/4
f 2318/5/4 2311/5/4 2319/5/4
f 2319/5/4 2311/5/4 2320/5/4
f 2314/5/4 2315/5/4 2321/5/4
f 2321/5/4 2315/5/4 2322/5/4
f 2322/5/4 2315/5/4 2323/5/4
f 2323/5/4 2315/5/4 2324/5/4
f 2318/5/4 2319/5/4 2325/5/4
f 2325/5/4 2319/5/4 2326/5/4
f 2326/5/4 2319/5/4 2327/5/4
f 2327/5/4 2319/5/4 2328/5/4
f 2322/5/4 2323/5/4 2329/5/4
f 2329/5/4 2323/5/4 2330/5/4
f 2326/5/4 2327/5/4 2331/5/4
f 2331/5/4 2327/5/4 2332/5/4
f 2333/5/4 2334/5/4 2336/5/4
f 2336/5/4 2334/5/4 2337/5/4
f 2336/5/4 2337/5/4 2339/5/4
f 2337/5/4 2338/5/4 2339/5/4
f 2335/5/4 2336/5/4 2339/5/4
f 2339/5/4 2338/5/4 2340/5/4
f 2340/5/4 2338/5/4 2341/5/4
f 2341/5/4 2338/5/4 2342/5/4
f 2340/5/4 2341/5/4 2343/5/4
f 2343/5/4 2341/5/4 2344/5/4
f 2349/4/5 2346/4/5 2345/4/5
f 2350/4/5 2346/4/5 2349/4/5
f 2351/4/5 2348/4/5 2347/4/5
f 2352/4/5 2348/4/5 2351/4/5
f 2357/4/5 2354/4/5 2353/4/5
f 2358/4/5 2354/4/5 2357/4/5
f 2359/4/5 2356/4/5 2355/4/5
f 2360/4/5 2356/4/5 2359/4/5
f 2363/4/5 2362/4/5 2361/4/5
f 2364/4/5 2362/4/5 2363/4/5
f 2369/4/5 2366/4/5 2365/4/5
f 2370/4/5 2366/4/5 2369/4/5
f 2371/4/5 2368/4/5 2367/4/5
f 2372/4/5 2368/4/5 2371/4/5
f 2377/4/5 2374/4/5 2373/4/5
f 2378/4/5 2374/4/5 2377/4/5
f 2379/4/5 2376/4/5 2375/4/5
f 2380/4/5 2376/4/5 2379/4/5
f 2383/5/5 2382/5/5 2381/5/5
f 2384/5/5 2382/5/5 2383/5/5
f 2387/5/5 2386/5/5 2385/5/5
f 2388/5/5 2386/5/5 2387/5/5
f 2392/5/5 2390/5/5 2389/5/5
f 2393/5/5 2390/5/5 2392/5/5
f 2395/5/5 2392/5/5 2391/5/5
f 2396/5/5 2392/5/5 2395/5/5
f 2397/5/5 2394/5/5 2393/5/5
f 2398/5/5 2394/5/5 2397/5/5
f 2403/5/5 2400/5/5 2399/5/5
f 2404/5/5 2400/5/5 2403/5/5
f 2405/5/5 2402/5/5 2401/5/5
f 2406/5/5 2402/5/5 2405/5/5
f 2407/5/5 2405/5/5 2404/5/5
f 2408/5/5 2405/5/5 2407/5/5
f 2414/5/5 2410/5/5 2409/5/5
f 2415/5/5 2410/5/5 2414/5/5
f 2416/5/5 2412/5/5 2411/5/5
f 2417/5/5 2412/5/5 2416/5/5
f 2419/5/5 2414/5/5 2413/5/5
f 2420/5/5 2414/5/5 2419/5/5
f 2421/5/5 2418/5/5 2417/5/5
f 2422/5/5 2418/5/5 2421/5/5
f 2427/5/5 2424/5/5 2423/5/5
f 2428/5/5 2424/5/5 2427/5/5
f 2431/5/5 2426/5/5 2425/5/5
f 2432/5/5 2426/5/5 2431/5/5
f 2433/5/5 2429/5/5 2428/5/5
f 2434/5/5 2429/5/5 2433/5/5
f 2435/5/5 2431/5/5 2430/5/5
f 2436/5/5 2431/5/5 2435/5/5
f 2442/5/5 2438/5/5 2437/5/5
f 2443/5/5 2438/5/5 2442/5/5
f 2444/5/5 2440/5/5 2439/5/5
f 2445/5/5 2440/5/5 2444/5/5
f 2447/5/5 2442/5/5 2441/5/5
f 2448/5/5 2442/5/5 2447/5/5
f 2449/5/5 2446/5/5 2445/5/5
f 2450/5/5 2446/5/5 2449/5/5
f 2455/5/5 2452/5/5 2451/5/5
f 2456/5/5 2452/5/5 2455/5/5
f 2459/5/5 2454/5/5 2453/5/5
f 2460/5/5 2454/5/5 2459/5/5
f 2461/5/5 2457/5/5 2456/5/5
f 2462/5/5 2457/5/5 2461/5/5
f 2463/5/5 2459/5/5 2458/5/5
f 2464/5/5 2459/5/5 2463/5/5
f 2470/5/5 2466/5/5 2465/5/5
f 2471/5/5 2466/5/5 2470/5/5
f 2472/5/5 2468/5/5 2467/5/5
f 2473/5/5 2468/5/5 2472/5/5
f 2475/5/5 2470/5/5 2469/5/5
f 2476/5/5 2470/5/5 2475/5/5
f 2477/5/5 2474/5/5 2473/5/5
f 2478/5/5 2474/5/5 2477/5/5
f 2483/5/5 2480/5/5 2479/5/5
f 2484/5/5 2480/5/5 2483/5/5
f 2487/5/5 2482/5/5 2481/5/5
f 2488/5/5 2482/5/5 2487/5/5
f 2489/5/5 2485/5/5 2484/5/5
f 2490/5/5 2485/5/5 2489/5/5
f 2491/5/5 2487/5/5 2486/5/5
f 2492/5/5 2487/5/5 2491/5/5
f 2497/4/5 2494/4/5 2493/4/5
f 2498/4/5 2494/4/5 2497/4/5
f 2499/4/5 2496/4/5 2495/4/5
f 2500/4/5 2496/4/5 2499/4/5
f 2505/4/5 2502/4/5 2501/4/5
f 2506/4/5 2502/4/5 2505/4/5
f 2507/4/5 2504/4/5 2503/4/5
f 2508/4/5 2504/4/5 2507/4/5
f 2512/2/5 2510/2/5 2509/2/5
f 2513/2/5 2510/2/5 2512/2/5
f 2514/2/5 2510/2/5 2513/2/5
f 2515/2/5 2510/2/5 2514/2/5
f 2518/2/5 2512/2/5 2511/2/5
f 2518/2/5 2513/2/5 2512/2/5
f 2519/2/5 2513/2/5 2518/2/5
f 2520/2/5 2515/2/5 2514/2/5
f 2520/2/5 2516/2/5 2515/2/5
f 2521/2/5 2516/2/5 2520/2/5
f 2523/2/5 2519/2/5 2518/2/5
f 2523/2/5 2522/2/5 2521/2/5
f 2523/2/5 2521/2/5 2520/2/5
f 2523/2/5 2520/2/5 2519/2/5
f 2523/2/5 2518/2/5 2517/2/5
f 2524/2/5 2522/2/5 2523/2/5
f 2525/2/5 2522/2/5 2524/2/5
f 2526/2/5 2522/2/5 2525/2/5
f 2527/2/5 2522/2/5 2526/2/5
f 2528/2/5 2522/2/5 2527/2/5
f 2529/2/5 2525/2/5 2524/2/5
f 2530/2/5 2525/2/5 2529/2/5
f 2531/2/5 2525/2/5 2530/2/5
f 2532/2/5 2527/2/5 2526/2/5
f 2533/2/5 2527/2/5 2532/2/5
f 2534/2/5 2527/2/5 2533/2/5
f 2535/2/5 2531/2/5 2530/2/5
f 2535/2/5 2533/2/5 2532/2/5
f 2535/2/5 2532/2/5 2531/2/5
f 2536/2/5 2533/2/5 2535/2/5
f 2541/5/5 2538/5/5 2537/5/5
f 2542/5/5 2538/5/5 2541/5/5
f 2546/2/5 2540/2/5 2539/2/5
f 2547/2/5 2540/2/5 2546/2/5
f 2548/2/5 2544/2/5 2543/2/5
f 2549/2/5 2544/2/5 2548/2/5
f 2551/2/5 2546/2/5 2545/2/5
f 2552/2/5 2546/2/5 2551/2/5
f 2553/2/5 2550/2/5 2549/2/5
f 2554/2/5 2550/2/5 2553/2/5
f 2559/2/5 2556/2/5 2555/2/5
f 2560/2/5 2556/2/5 2559/2/5
f 2563/2/5 2558/2/5 2557/2/5
f 2564/2/5 2558/2/5 2563/2/5
f 2565/2/5 2561/2/5 2560/2/5
f 2566/2/5 2561/2/5 2565/2/5
f 2569/2/5 2563/2/5 2562/2/5
f 2570/2/5 2563/2/5 2569/2/5
f 2571/5/5 2568/5/5 2567/5/5
f 2572/5/5 2568/5/5 2571/5/5
f 2583/5/5 2574/5/5 2573/5/5
f 2584/5/5 2574/5/5 2583/5/5
f 2585/5/5 2576/5/5 2575/5/5
f 2586/5/5 2576/5/5 2585/5/5
f 2587/5/5 2578/5/5 2577/5/5
f 2588/5/5 2578/5/5 2587/5/5
f 2589/5/5 2580/5/5 2579/5/5
f 2590/5/5 2580/5/5 2589/5/5
f 2593/2/5 2582/2/5 2581/2/5
f 2594/2/5 2582/2/5 2593/2/5
f 2595/2/5 2592/2/5 2591/2/5
f 2596/2/5 2592/2/5 2595/2/5
f 2601/2/5 2598/2/5 2597/2/5
f 2602/2/5 2598/2/5 2601/2/5
f 2611/2/5 2600/2/5 2599/2/5
f 2612/2/5 2600/2/5 2611/2/5
f 2613/5/5 2604/5/5 2603/5/5
f 2614/5/5 2604/5/5 2613/5/5
f 2615/5/5 2606/5/5 2605/5/5
f 2616/5/5 2606/5/5 2615/5/5
f 2617/5/5 2608/5/5 2607/5/5
f 2618/5/5 2608/5/5 2617/5/5
f 2619/5/5 2610/5/5 2609/5/5
f 2620/5/5 2610/5/5 2619/5/5
f 2633/5/5 2622/5/5 2621/5/5
f 2634/5/5 2622/5/5 2633/5/5
f 2635/5/5 2624/5/5 2623/5/5
f 2636/5/5 2624/5/5 2635/5/5
f 2637/5/5 2626/5/5 2625/5/5
f 2638/5/5 2626/5/5 2637/5/5
f 2639/5/5 2628/5/5 2627/5/5
f 2640/5/5 2628/5/5 2639/5/5
f 2641/5/5 2630/5/5 2629/5/5
f 2642/5/5 2630/5/5 2641/5/5
f 2643/5/5 2632/5/5 2631/5/5
f 2644/5/5 2632/5/5 2643/5/5
f 2657/5/5 2646/5/5 2645/5/5
f 2658/5/5 2646/5/5 2657/5/5
f 2659/5/5 2648/5/5 2647/5/5
f 2660/5/5 2648/5/5 2659/5/5
f 2661/5/5 2650/5/5 2649/5/5
f 2662/5/5 2650/5/5 2661/5/5
f 2663/5/5 2652/5/5 2651/5/5
f 2664/5/5 2652/5/5 2663/5/5
f 2665/5/5 2654/5/5 2653/5/5
f 2666/5/5 2654/5/5 2665/5/5
f 2667/5/5 2656/5/5 2655/5/5
f 2668/5/5 2656/5/5 2667/5/5
f 2673/1/5 2670/1/5 2669/1/5
f 2674/1/5 2670/1/5 2673/1/5
f 2675/1/5 2672/1/5 2671/1/5
f 2676/1/5 2672/1/5 2675/1/5
f 2681/1/5 2678/1/5 2677/1/5
f 2682/1/5 2678/1/5 2681/1/5
f 2683/1/5 2680/1/5 2679/1/5
f 2684/1/5 2680/1/5 2683/1/5
f 2689/1/5 2686/1/5 2685/1/5
f 2690/1/5 2686/1/5 2689/1/5
f 2691/1/5 2688/1/5 2687/1/5
f 2692/1/5 2688/1/5 2691/1/5
f 2697/1/5 2694/1/5 2693/1/5
f 2698/1/5 2694/1/5 2697/1/5
f 2699/1/5 2696/1/5 2695/1/5
f 2700/1/5 2696/1/5 2699/1/5
f 2705/1/5 2702/1/5 2701/1/5
f 2706/1/5 2702/1/5 2705/1/5
f 2707/1/5 2704/1/5 2703/1/5
f 2708/1/5 2704/1/5 2707/1/5
f 2713/1/5 2710/1/5 2709/1/5
f 2714/1/5 2710/1/5 2713/1/5
f 2715/1/5 2712/1/5 2711/1/5
f 2716/1/5 2712/1/5 2715/1/5
f 2721/1/5 2718/1/5 2717/1/5
f 2722/1/5 2718/1/5 2721/1/5
f 2723/1/5 2720/1/5 2719/1/5
f 2724/1/5 2720/1/5 2723/1/5
f 2729/1/5 2726/1/5 2725/1/5
f 2730/1/5 2726/1/5 2729/1/5
f 2731/1/5 2728/1/5 2727/1/5
f 2732/1/5 2728/1/5 2731/1/5
f 2737/1/5 2734/1/5 2733/1/5
f 2738/1/5 2734/1/5 2737/1/5
f 2739/1/5 2736/1/5 2735/1/5
f 2740/1/5 2736/1/5 2739/1/5
f 2745/1/5 2742/1/5 2741/1/5
f 2746/1/5 2742/1/5 2745/1/5
f 2747/1/5 2744/1/5 2743/1/5
f 2748/1/5 2744/1/5 2747/1/5
f 2753/1/5 2750/1/5 2749/1/5
f 2754/1/5 2750/1/5 2753/1/5
f 2755/1/5 2752/1/5 2751/1/5
f 2756/1/5 2752/1/5 2755/1/5
f 2761/1/5 2758/1/5 2757/1/5
f 2762/1/5 2758/1/5 2761/1/5
f 2763/1/5 2760/1/5 2759/1/5
f 2764/1/5 2760/1/5 2763/1/5
f 2769/1/5 2766/1/5 2765/1/5
f 2770/1/5 2766/1/5 2769/1/5
f 2771/1/5 2768/1/5 2767/1/5
f 2772/1/5 2768/1/5 2771/1/5
f 2777/1/5 2774/1/5 2773/1/5
f 2778/1/5 2774/1/5 2777/1/5
f 2779/1/5 2776/1/5 2775/1/5
f 2780/1/5 2776/1/5 2779/1/5
f 2781/4/6 2782/4/6 2785/4/6
f 2785/4/6 2782/4/6 2786/4/6
f 2783/4/6 2784/4/6 2787/4/6
f 2787/4/6 2784/4/6 2788/4/6
f 2789/4/6 2790/4/6 2793/4/6
f 2793/4/6 2790/4/6 2794/4/6
f 2791/4/6 2792/4/6 2795/4/6
f 2795/4/6 2792/4/6 2796/4/6
f 2797/4/6 2798/4/6 2799/4/6
f 2799/4/6 2798/4/6 2800/4/6
f 2801/5/6 2802/5/6 2806/5/6
f 2806/5/6 2802/5/6 2807/5/6
f 2803/5/6 2804/5/6 2808/5/6
f 2808/5/6 2804/5/6 2809/5/6
f 2805/5/6 2806/5/6 2811/5/6
f 2811/5/6 2806/5/6 2812/5/6
f 2809/5/6 2810/5/6 2813/5/6
f 2813/5/6 2810/5/6 2814/5/6
f 2815/5/6 2816/5/6 2819/5/6
f 2819/5/6 2816/5/6 2820/5/6
f 2817/5/6 2818/5/6 2823/5/6
f 2823/5/6 2818/5/6 2824/5/6
f 2820/5/6 2821/5/6 2825/5/6
f 2825/5/6 2821/5/6 2826/5/6
f 2822/5/6 2823/5/6 2827/5/6
f 2827/5/6 2823/5/6 2828/5/6
f 2829/5/6 2830/5/6 2834/5/6
f 2834/5/6 2830/5/6 2835/5/6
f 2831/5/6 2832/5/6 2836/5/6
f 2836/5/6 2832/5/6 2837/5/6
f 2833/5/6 2834/5/6 2839/5/6
f 2839/5/6 2834/5/6 2840/5/6
f 2837/5/6 2838/5/6 2841/5/6
f 2841/5/6 2838/5/6 2842/5/6
f 2843/5/6 2844/5/6 2847/5/6
f 2847/5/6 2844/5/6 2848/5/6
f 2845/5/6 2846/5/6 2851/5/6
f 2851/5/6 2846/5/6 2852/5/6
f 2848/5/6 2849/5/6 2853/5/6
f 2853/5/6 2849/5/6 2854/5/6
f 2850/5/6 2851/5/6 2855/5/6
f 2855/5/6 2851/5/6 2856/5/6
f 2857/5/6 2858/5/6 2862/5/6
f 2862/5/6 2858/5/6 2863/5/6
f 2859/5/6 2860/5/6 2864/5/6
f 2864/5/6 2860/5/6 2865/5/6
f 2861/5/6 2862/5/6 2867/5/6
f 2867/5/6 2862/5/6 2868/5/6
f 2865/5/6 2866/5/6 2869/5/6
f 2869/5/6 2866/5/6 2870/5/6
f 2871/5/6 2872/5/6 2875/5/6
f 2875/5/6 2872/5/6 2876/5/6
f 2873/5/6 2874/5/6 2879/5/6
f 2879/5/6 2874/5/6 2880/5/6
f 2876/5/6 2877/5/6 2881/5/6
f 2881/5/6 2877/5/6 2882/5/6
f 2878/5/6 2879/5/6 2883/5/6
f 2883/5/6 2879/5/6 2884/5/6
f 2885/5/6 2886/5/6 2888/5/6
f 2888/5/6 2886/5/6 2889/5/6
f 2887/5/6 2888/5/6 2891/5/6
f 2891/5/6 2888/5/6 2892/5/6
f 2889/5/6 2890/5/6 2893/5/6
f 2893/5/6 2890/5/6 2894/5/6
f 2895/5/6 2896/5/6 2899/5/6
f 2899/5/6 2896/5/6 2900/5/6
f 2897/5/6 2898/5/6 2901/5/6
f 2901/5/6 2898/5/6 2902/5/6
f 2900/5/6 2901/5/6 2903/5/6
f 2903/5/6 2901/5/6 2904/5/6
f 2905/5/6 2906/5/6 2907/5/6
f 2907/5/6 2906/5/6 2908/5/6
f 2909/5/6 2910/5/6 2911/5/6
f 2911/5/6 2910/5/6 2912/5/6
f 2913/5/6 2914/5/6 2925/5/6
f 2925/5/6 2914/5/6 2926/5/6
f 2915/5/6 2916/5/6 2927/5/6
f 2927/5/6 2916/5/6 2928/5/6
f 2917/5/6 2918/5/6 2929/5/6
f 2929/5/6 2918/5/6 2930/5/6
f 2919/5/6 2920/5/6 2931/5/6
f 2931/5/6 2920/5/6 2932/5/6
f 2921/5/6 2922/5/6 2933/5/6
f 2933/5/6 2922/5/6 2934/5/6
f 2923/5/6 2924/5/6 2935/5/6
f 2935/5/6 2924/5/6 2936/5/6
f 2937/5/6 2938/5/6 2949/5/6
f 2949/5/6 2938/5/6 2950/5/6
f 2939/5/6 2940/5/6 2951/5/6
f 2951/5/6 2940/5/6 2952/5/6
f 2941/5/6 2942/5/6 2953/5/6
f 2953/5/6 2942/5/6 2954/5/6
f 2943/5/6 2944/5/6 2955/5/6
f 2955/5/6 2944/5/6 2956/5/6
f 2945/5/6 2946/5/6 2957/5/6
f 2957/5/6 2946/5/6 2958/5/6
f 2947/5/6 2948/5/6 2959/5/6
f 2959/5/6 2948/5/6 2960/5/6
f 2961/5/6 2962/5/6 2971/5/6
f 2971/5/6 2962/5/6 2972/5/6
f 2963/5/6 2964/5/6 2973/5/6
f 2973/5/6 2964/5/6 2974/5/6
f 2965/5/6 2966/5/6 2975/5/6
f 2975/5/6 2966/5/6 2976/5/6
f 2967/5/6 2968/5/6 2977/5/6
f 2977/5/6 2968/5/6 2978/5/6
f 2969/2/6 2970/2/6 2981/2/6
f 2981/2/6 2970/2/6 2982/2/6
f 2979/2/6 2980/2/6 2983/2/6
f 2983/2/6 2980/2/6 2984/2/6
f 2985/2/6 2986/2/6 2989/2/6
f 2989/2/6 2986/2/6 2990/2/6
f 2987/2/6 2988/2/6 2999/2/6
f 2999/2/6 2988/2/6 3000/2/6
f 2991/5/6 2992/5/6 3001/5/6
f 3001/5/6 2992/5/6 3002/5/6
f 2993/5/6 2994/5/6 3003/5/6
f 3003/5/6 2994/5/6 3004/5/6
f 2995/5/6 2996/5/6 3005/5/6
f 3005/5/6 2996/5/6 3006/5/6
f 2997/5/6 2998/5/6 3007/5/6
f 3007/5/6 2998/5/6 3008/5/6
f 3009/5/6 3010/5/6 3013/5/6
f 3013/5/6 3010/5/6 3014/5/6
f 3011/2/6 3012/2/6 3018/2/6
f 3018/2/6 3012/2/6 3019/2/6
f 3015/2/6 3016/2/6 3020/2/6
f 3020/2/6 3016/2/6 3021/2/6
f 3017/2/6 3018/2/6 3023/2/6
f 3023/2/6 3018/2/6 3024/2/6
f 3021/2/6 3022/2/6 3025/2/6
f 3025/2/6 3022/2/6 3026/2/6
f 3027/2/6 3028/2/6 3031/2/6
f 3031/2/6 3028/2/6 3032/2/6
f 3029/2/6 3030/2/6 3035/2/6
f 3035/2/6 3030/2/6 3036/2/6
f 3032/2/6 3033/2/6 3037/2/6
f 3037/2/6 3033/2/6 3038/2/6
f 3034/2/6 3035/2/6 3041/2/6
f 3041/2/6 3035/2/6 3042/2/6
f 3039/5/6 3040/5/6 3043/5/6
f 3043/5/6 3040/5/6 3044/5/6
f 3045/2/6 3046/2/6 3050/2/6
f 3050/2/6 3046/2/6 3051/2/6
f 3051/2/6 3046/2/6 3052/2/6
f 3047/2/6 3048/2/6 3053/2/6
f 3053/2/6 3048/2/6 3054/2/6
f 3054/2/6 3048/2/6 3055/2/6
f 3049/2/6 3050/2/6 3058/2/6
f 3050/2/6 3051/2/6 3058/2/6
f 3058/2/6 3051/2/6 3059/2/6
f 3059/2/6 3051/2/6 3060/2/6
f 3055/2/6 3056/2/6 3061/2/6
f 3054/2/6 3055/2/6 3061/2/6
f 3061/2/6 3056/2/6 3062/2/6
f 3062/2/6 3056/2/6 3063/2/6
f 3058/2/6 3059/2/6 3065/2/6
f 3057/2/6 3058/2/6 3065/2/6
f 3065/2/6 3059/2/6 3066/2/6
f 3066/2/6 3059/2/6 3067/2/6
f 3063/2/6 3064/2/6 3070/2/6
f 3062/2/6 3063/2/6 3070/2/6
f 3070/2/6 3064/2/6 3071/2/6
f 3071/2/6 3064/2/6 3072/2/6
f 3067/2/6 3068/2/6 3073/2/6
f 3066/2/6 3067/2/6 3073/2/6
f 3073/2/6 3068/2/6 3074/2/6
f 3074/2/6 3068/2/6 3075/2/6
f 3070/2/6 3071/2/6 3078/2/6
f 3069/2/6 3070/2/6 3078/2/6
f 3078/2/6 3071/2/6 3079/2/6
f 3079/2/6 3071/2/6 3080/2/6
f 3075/2/6 3076/2/6 3081/2/6
f 3074/2/6 3075/2/6 3081/2/6
f 3081/2/6 3076/2/6 3082/2/6
f 3078/2/6 3079/2/6 3083/2/6
f 3077/2/6 3078/2/6 3083/2/6
f 3083/2/6 3079/2/6 3084/2/6
f 3085/4/6 3086/4/6 3089/4/6
f 3089/4/6 3086/4/6 3090/4/6
f 3087/4/6 3088/4/6 3091/4/6
f 3091/4/6 3088/4/6 3092/4/6
f 3093/4/6 3094/4/6 3097/4/6
f 3097/4/6 3094/4/6 3098/4/6
f 3095/4/6 3096/4/6 3099/4/6
f 3099/4/6 3096/4/6 3100/4/6
f 3101/5/6 3102/5/6 3105/5/6
f 3105/5/6 3102/5/6 3106/5/6
f 3103/5/6 3104/5/6 3107/5/6
f 3107/5/6 3104/5/6 3108/5/6
f 3109/5/6 3110/5/6 3113/5/6
f 3113/5/6 3110/5/6 3114/5/6
f 3111/5/6 3112/5/6 3115/5/6
f 3115/5/6 3112/5/6 3116/5/6
f 3117/4/6 3118/4/6 3121/4/6
f 3121/4/6 3118/4/6 3122/4/6
f 3119/4/6 3120/4/6 3123/4/6
f 3123/4/6 3120/4/6 3124/4/6
f 3125/4/6 3126/4/6 3129/4/6
f 3129/4/6 3126/4/6 3130/4/6
f 3127/4/6 3128/4/6 3131/4/6
f 3131/4/6 3128/4/6 3132/4/6
f 3133/5/6 3134/5/6 3135/5/6
f 3135/5/6 3134/5/6 3136/5/6
f 3137/5/6 3138/5/6 3139/5/6
f 3139/5/6 3138/5/6 3140/5/6
f 3141/5/6 3142/5/6 3143/5/6
f 3143/5/6 3142/5/6 3144/5/6
f 3145/5/6 3146/5/6 3147/5/6
f 3147/5/6 3146/5/6 3148/5/6
f 3149/4/6 3150/4/6 3153/4/6
f 3153/4/6 3150/4/6 3154/4/6
f 3151/4/6 3152/4/6 3155/4/6
f 3155/4/6 3152/4/6 3156/4/6
f 3157/4/6 3158/4/6 3161/4/6
f 3161/4/6 3158/4/6 3162/4/6
f 3159/4/6 3160/4/6 3163/4/6
f 3163/4/6 3160/4/6 3164/4/6
f 3165/5/6 3166/5/6 3169/5/6
f 3169/5/6 3166/5/6 3170/5/6
f 3167/5/6 3168/5/6 3171/5/6
f 3171/5/6 3168/5/6 3172/5/6
f 3173/5/6 3174/5/6 3177/5/6
f 3177/5/6 3174/5/6 3178/5/6
f 3175/5/6 3176/5/6 3179/5/6
f 3179/5/6 3176/5/6 3180/5/6
f 3181/4/6 3182/4/6 3185/4/6
f 3185/4/6 3182/4/6 3186/4/6
f 3183/4/6 3184/4/6 3187/4/6
f 3187/4/6 3184/4/6 3188/4/6
f 3189/4/6 3190/4/6 3193/4/6
f 3193/4/6 3190/4/6 3194/4/6
f 3191/4/6 3192/4/6 3195/4/6
f 3195/4/6 3192/4/6 3196/4/6
f 3197/5/6 3198/5/6 3201/5/6
f 3201/5/6 3198/5/6 3202/5/6
f 3199/5/6 3200/5/6 3203/5/6
f 3203/5/6 3200/5/6 3204/5/6
f 3205/5/6 3206/5/6 3209/5/6
f 3209/5/6 3206/5/6 3210/5/6
f 3207/5/6 3208/5/6 3211/5/6
f 3211/5/6 3208/5/6 3212/5/6
f 3213/4/6 3214/4/6 3217/4/6
f 3217/4/6 3214/4/6 3218/4/6
f 3215/4/6 3216/4/6 3219/4/6
f 3219/4/6 3216/4/6 3220/4/6
f 3221/4/6 3222/4/6 3225/4/6
f 3225/4/6 3222/4/6 3226/4/6
f 3223/4/6 3224/4/6 3227/4/6
f 3227/4/6 3224/4/6 3228/4/6
f 3229/5/6 3230/5/6 3233/5/6
f 3233/5/6 3230/5/6 3234/5/6
f 3231/5/6 3232/5/6 3235/5/6
f 3235/5/6 3232/5/6 3236/5/6
f 3237/5/6 3238/5/6 3241/5/6
f 3241/5/6 3238/5/6 3242/5/6
f 3239/5/6 3240/5/6 3243/5/6
f 3243/5/6 3240/5/6 3244/5/6
f 3245/4/6 3246/4/6 3249/4/6
f 3249/4/6 3246/4/6 3250/4/6
f 3247/4/6 3248/4/6 3251/4/6
f 3251/4/6 3248/4/6 3252/4/6
f 3253/4/6 3254/4/6 3257/4/6
f 3257/4/6 3254/4/6 3258/4/6
f 3255/4/6 3256/4/6 3259/4/6
f 3259/4/6 3256/4/6 3260/4/6
f 3261/5/6 3262/5/6 3265/5/6
f 3265/5/6 3262/5/6 3266/5/6
f 3263/4/6 3264/4/6 3269/4/6
f 3269/4/6 3264/4/6 3270/4/6
f 3267/4/6 3268/4/6 3271/4/6
f 3271/4/6 3268/4/6 3272/4/6
f 3273/4/6 3274/4/6 3277/4/6
f 3277/4/6 3274/4/6 3278/4/6
f 3275/4/6 3276/4/6 3281/4/6
f 3281/4/6 3276/4/6 3282/4/6
f 3279/5/6 3280/5/6 3283/5/6
f 3283/5/6 3280/5/6 3284/5/6
f 3285/4/6 3286/4/6 3289/4/6
f 3289/4/6 3286/4/6 3290/4/6
f 3287/4/6 3288/4/6 3291/4/6
f 3291/4/6 3288/4/6 3292/4/6
f 3293/4/6 3294/4/6 3297/4/6
f 3297/4/6 3294/4/6 3298/4/6
f 3295/4/6 3296/4/6 3299/4/6
f 3299/4/6 3296/4/6 3300/4/6
f 3301/4/6 3302/4/6 3303/4/6
f 3303/4/6 3302/4/6 3304/4/6
f 3305/4/6 3306/4/6 3307/4/6
f 3307/4/6 3306/4/6 3308/4/6
f 3309/1/6 3310/1/6 3313/1/6
f 3313/1/6 3310/1/6 3314/1/6
f 3311/1/6 3312/1/6 3315/1/6
f 3315/1/6 3312/1/6 3316/1/6
f 3317/1/6 3318/1/6 3321/1/6
f 3321/1/6 3318/1/6 3322/1/6
f 3319/1/6 3320/1/6 3323/1/6
f 3323/1/6 3320/1/6 3324/1/6
f 3325/1/6 3326/1/6 3329/1/6
f 3329/1/6 3326/1/6 3330/1/6
f 3327/1/6 3328/1/6 3331/1/6
f 3331/1/6 3328/1/6 3332/1/6
f 3333/1/6 3334/1/6 3337/1/6
f 3337/1/6 3334/1/6 3338/1/6
f 3335/1/6 3336/1/6 3339/1/6
f 3339/1/6 3336/1/6 3340/1/6
f 3341/1/6 3342/1/6 3345/1/6
f 3345/1/6 3342/1/6 3346/1/6
f 3343/1/6 3344/1/6 3347/1/6
f 3347/1/6 3344/1/6 3348/1/6
f 3349/1/6 3350/1/6 3353/1/6
f 3353/1/6 3350/1/6 3354/1/6
f 3351/1/6 3352/1/6 3355/1/6
f 3355/1/6 3352/1/6 3356/1/6
f 3357/1/6 3358/1/6 3361/1/6
f 3361/1/6 3358/1/6 3362/1/6
f 3359/1/6 3360/1/6 3363/1/6
f 3363/1/6 3360/1/6 3364/1/6
f 3365/1/6 3366/1/6 3369/1/6
f 3369/1/6 3366/1/6 3370/1/6
f 3367/1/6 3368/1/6 3371/1/6
f 3371/1/6 3368/1/6 3372/1/6
f 3373/1/6 3374/1/6 3375/1/6
f 3375/1/6 3374/1/6 3376/1/6
